#
# A fatal error has been detected by the Java Runtime Environment:
#
#  SIGSEGV (0xb) at pc=0x00007fe52f882961, pid=17676, tid=17677
#
# JRE version: OpenJDK Runtime Environment (21.0.9+10) (build 21.0.9+10)
# Java VM: OpenJDK 64-Bit Server VM (21.0.9+10, mixed mode, sharing, tiered, compressed oops, compressed class ptrs, g1 gc, linux-amd64)
# Problematic frame:
# j  java.lang.String.length()I+0 java.base@21.0.9
#
# Core dump will be written. Default location: Core dumps may be processed with "/usr/lib/systemd/systemd-coredump %P %u %g %s %t %c %h %d %F" (or dumping to /home/toast/workspace/ITS/do-not-sync/y/backend/core.17676)
#
# If you would like to submit a bug report, please visit:
#   https://bugreport.java.com/bugreport/crash.jsp
#

---------------  S U M M A R Y ------------

Command Line: -Xrunjdwp:transport=dt_socket,address=localhost:33421,server=n,suspend=y -ea -XX:+ShowCodeDetailsInExceptionMessages -Dfile.encoding=UTF-8 org.eclipse.jdt.internal.junit.runner.RemoteTestRunner -version 3 -port 35593 -testLoaderClass org.eclipse.jdt.internal.junit5.runner.JUnit5TestLoader -loaderpluginname org.eclipse.jdt.junit5.runtime -test com.alececco.y.service.PostServiceImplTest:updatePost_postExists_updatesTitleOnly

Host: AMD Ryzen 7 2700X Eight-Core Processor, 16 cores, 15G, Arch Linux
Time: Sat Jan 10 16:40:59 2026 CET elapsed time: 18.745125 seconds (0d 0h 0m 18s)

---------------  T H R E A D  ---------------

Current thread (0x00007fe54001d4e0):  JavaThread "main"             [_thread_in_Java, id=17677, stack(0x00007fe546900000,0x00007fe546a00000) (1024K)]

Stack: [0x00007fe546900000,0x00007fe546a00000],  sp=0x00007fe5469fbb18,  free space=1006k
Native frames: (J=compiled Java code, j=interpreted, Vv=VM code, C=native code)
j  java.lang.String.length()I+0 java.base@21.0.9
j  java.lang.AbstractStringBuilder.append(Ljava/lang/String;)Ljava/lang/AbstractStringBuilder;+10 java.base@21.0.9
j  java.lang.StringBuilder.append(Ljava/lang/String;)Ljava/lang/StringBuilder;+2 java.base@21.0.9
j  java.lang.Class.methodToString(Ljava/lang/String;[Ljava/lang/Class;)Ljava/lang/String;+20 java.base@21.0.9
j  java.lang.Class.getMethod(Ljava/lang/String;[Ljava/lang/Class;)Ljava/lang/reflect/Method;+43 java.base@21.0.9
j  com.alececco.y.components.PostMapper.toDto(Lcom/alececco/y/models/Post;)Lcom/alececco/y/dto/post/PostDTO;+34
j  com.alececco.y.service.PostServiceImpl.updatePost(Ljava/lang/Long;Lcom/alececco/y/dto/post/UpdatePostDTO;)Lcom/alececco/y/dto/post/PostDTO;+120
j  com.alececco.y.service.PostServiceImplTest.updatePost_postExists_updatesTitleOnly()V+58
j  java.lang.invoke.LambdaForm$DMH+0x00007fe4c8255800.invokeVirtual(Ljava/lang/Object;Ljava/lang/Object;)V+10 java.base@21.0.9
j  java.lang.invoke.LambdaForm$MH+0x00007fe4c8258000.invoke(Ljava/lang/Object;Ljava/lang/Object;)Ljava/lang/Object;+31 java.base@21.0.9
J 2511 c1 jdk.internal.reflect.DirectMethodHandleAccessor.invoke(Ljava/lang/Object;[Ljava/lang/Object;)Ljava/lang/Object; java.base@21.0.9 (92 bytes) @ 0x00007fe528919db4 [0x00007fe528918640+0x0000000000001774]
J 2469 c1 java.lang.reflect.Method.invoke(Ljava/lang/Object;[Ljava/lang/Object;)Ljava/lang/Object; java.base@21.0.9 (108 bytes) @ 0x00007fe5288fc5ec [0x00007fe5288fc0c0+0x000000000000052c]
j  org.junit.platform.commons.util.ReflectionUtils.invokeMethod(Ljava/lang/reflect/Method;Ljava/lang/Object;[Ljava/lang/Object;)Ljava/lang/Object;+42
j  org.junit.platform.commons.support.ReflectionSupport.invokeMethod(Ljava/lang/reflect/Method;Ljava/lang/Object;[Ljava/lang/Object;)Ljava/lang/Object;+3
j  org.junit.jupiter.engine.execution.MethodInvocation.proceed()Ljava/lang/Object;+16
j  org.junit.jupiter.engine.execution.InvocationInterceptorChain$ValidatingInvocation.proceed()Ljava/lang/Object;+8
j  org.junit.jupiter.engine.extension.TimeoutExtension.intercept(Lorg/junit/jupiter/api/extension/InvocationInterceptor$Invocation;Lorg/junit/jupiter/api/extension/ReflectiveInvocationContext;Lorg/junit/jupiter/api/extension/ExtensionContext;Lorg/junit/jupiter/engine/extension/TimeoutDuration;Lorg/junit/jupiter/engine/extension/TimeoutExtension$TimeoutProvider;)Ljava/lang/Object;+28
j  org.junit.jupiter.engine.extension.TimeoutExtension.interceptTestableMethod(Lorg/junit/jupiter/api/extension/InvocationInterceptor$Invocation;Lorg/junit/jupiter/api/extension/ReflectiveInvocationContext;Lorg/junit/jupiter/api/extension/ExtensionContext;Lorg/junit/jupiter/engine/extension/TimeoutExtension$TimeoutProvider;)Ljava/lang/Object;+31
j  org.junit.jupiter.engine.extension.TimeoutExtension.interceptTestMethod(Lorg/junit/jupiter/api/extension/InvocationInterceptor$Invocation;Lorg/junit/jupiter/api/extension/ReflectiveInvocationContext;Lorg/junit/jupiter/api/extension/ExtensionContext;)V+9
j  org.junit.jupiter.engine.descriptor.TestMethodTestDescriptor$$Lambda+0x00007fe4c803f2b8.apply(Lorg/junit/jupiter/api/extension/InvocationInterceptor;Lorg/junit/jupiter/api/extension/InvocationInterceptor$Invocation;Lorg/junit/jupiter/api/extension/ReflectiveInvocationContext;Lorg/junit/jupiter/api/extension/ExtensionContext;)V+5
j  org.junit.jupiter.engine.execution.InterceptingExecutableInvoker$ReflectiveInterceptorCall.lambda$ofVoidMethod$0(Lorg/junit/jupiter/engine/execution/InterceptingExecutableInvoker$ReflectiveInterceptorCall$VoidMethodInterceptorCall;Lorg/junit/jupiter/api/extension/InvocationInterceptor;Lorg/junit/jupiter/api/extension/InvocationInterceptor$Invocation;Lorg/junit/jupiter/api/extension/ReflectiveInvocationContext;Lorg/junit/jupiter/api/extension/ExtensionContext;)Ljava/lang/Void;+6
j  org.junit.jupiter.engine.execution.InterceptingExecutableInvoker$ReflectiveInterceptorCall$$Lambda+0x00007fe4c803f6d8.apply(Lorg/junit/jupiter/api/extension/InvocationInterceptor;Lorg/junit/jupiter/api/extension/InvocationInterceptor$Invocation;Lorg/junit/jupiter/api/extension/ReflectiveInvocationContext;Lorg/junit/jupiter/api/extension/ExtensionContext;)Ljava/lang/Object;+9
j  org.junit.jupiter.engine.execution.InterceptingExecutableInvoker.lambda$invoke$0(Lorg/junit/jupiter/engine/execution/InterceptingExecutableInvoker$ReflectiveInterceptorCall;Lorg/junit/jupiter/api/extension/ReflectiveInvocationContext;Lorg/junit/jupiter/api/extension/ExtensionContext;Lorg/junit/jupiter/api/extension/InvocationInterceptor;Lorg/junit/jupiter/api/extension/InvocationInterceptor$Invocation;)Ljava/lang/Object;+6
j  org.junit.jupiter.engine.execution.InterceptingExecutableInvoker$$Lambda+0x00007fe4c8253d50.apply(Lorg/junit/jupiter/api/extension/InvocationInterceptor;Lorg/junit/jupiter/api/extension/InvocationInterceptor$Invocation;)Ljava/lang/Object;+14
j  org.junit.jupiter.engine.execution.InvocationInterceptorChain$InterceptedInvocation.proceed()Ljava/lang/Object;+12
j  org.junit.jupiter.engine.execution.InvocationInterceptorChain.proceed(Lorg/junit/jupiter/api/extension/InvocationInterceptor$Invocation;)Ljava/lang/Object;+1
j  org.junit.jupiter.engine.execution.InvocationInterceptorChain.chainAndInvoke(Lorg/junit/jupiter/api/extension/InvocationInterceptor$Invocation;Lorg/junit/jupiter/engine/execution/InvocationInterceptorChain$InterceptorCall;Ljava/util/List;)Ljava/lang/Object;+24
j  org.junit.jupiter.engine.execution.InvocationInterceptorChain.invoke(Lorg/junit/jupiter/api/extension/InvocationInterceptor$Invocation;Lorg/junit/jupiter/engine/extension/ExtensionRegistry;Lorg/junit/jupiter/engine/execution/InvocationInterceptorChain$InterceptorCall;)Ljava/lang/Object;+31
j  org.junit.jupiter.engine.execution.InterceptingExecutableInvoker.invoke(Lorg/junit/jupiter/api/extension/InvocationInterceptor$Invocation;Lorg/junit/jupiter/api/extension/ReflectiveInvocationContext;Lorg/junit/jupiter/api/extension/ExtensionContext;Lorg/junit/jupiter/engine/extension/ExtensionRegistry;Lorg/junit/jupiter/engine/execution/InterceptingExecutableInvoker$ReflectiveInterceptorCall;)Ljava/lang/Object;+15
j  org.junit.jupiter.engine.execution.InterceptingExecutableInvoker.invoke(Ljava/lang/reflect/Method;Ljava/lang/Object;Lorg/junit/jupiter/api/extension/ExtensionContext;Lorg/junit/jupiter/engine/extension/ExtensionRegistry;Lorg/junit/jupiter/engine/execution/InterceptingExecutableInvoker$ReflectiveInterceptorCall;)Ljava/lang/Object;+55
j  org.junit.jupiter.engine.descriptor.TestMethodTestDescriptor.lambda$invokeTestMethod$7(Lorg/junit/jupiter/api/extension/ExtensionContext;Lorg/junit/jupiter/engine/execution/JupiterEngineExecutionContext;)V+28
j  org.junit.jupiter.engine.descriptor.TestMethodTestDescriptor$$Lambda+0x00007fe4c825cee0.execute()V+12
j  org.junit.platform.engine.support.hierarchical.ThrowableCollector.execute(Lorg/junit/platform/engine/support/hierarchical/ThrowableCollector$Executable;)V+1
j  org.junit.jupiter.engine.descriptor.TestMethodTestDescriptor.invokeTestMethod(Lorg/junit/jupiter/engine/execution/JupiterEngineExecutionContext;Lorg/junit/platform/engine/support/hierarchical/Node$DynamicTestExecutor;)V+21
j  org.junit.jupiter.engine.descriptor.TestMethodTestDescriptor.execute(Lorg/junit/jupiter/engine/execution/JupiterEngineExecutionContext;Lorg/junit/platform/engine/support/hierarchical/Node$DynamicTestExecutor;)Lorg/junit/jupiter/engine/execution/JupiterEngineExecutionContext;+44
j  org.junit.jupiter.engine.descriptor.TestMethodTestDescriptor.execute(Lorg/junit/platform/engine/support/hierarchical/EngineExecutionContext;Lorg/junit/platform/engine/support/hierarchical/Node$DynamicTestExecutor;)Lorg/junit/platform/engine/support/hierarchical/EngineExecutionContext;+6
j  org.junit.platform.engine.support.hierarchical.NodeTestTask.lambda$executeRecursively$6()V+79
j  org.junit.platform.engine.support.hierarchical.NodeTestTask$$Lambda+0x00007fe4c80a7a80.execute()V+4
j  org.junit.platform.engine.support.hierarchical.ThrowableCollector.execute(Lorg/junit/platform/engine/support/hierarchical/ThrowableCollector$Executable;)V+1
j  org.junit.platform.engine.support.hierarchical.NodeTestTask.lambda$executeRecursively$8(Lorg/junit/platform/engine/support/hierarchical/EngineExecutionContext;)V+15
j  org.junit.platform.engine.support.hierarchical.NodeTestTask$$Lambda+0x00007fe4c80a7858.invoke(Lorg/junit/platform/engine/support/hierarchical/EngineExecutionContext;)V+5
j  org.junit.platform.engine.support.hierarchical.Node.around(Lorg/junit/platform/engine/support/hierarchical/EngineExecutionContext;Lorg/junit/platform/engine/support/hierarchical/Node$Invocation;)V+2
j  org.junit.platform.engine.support.hierarchical.NodeTestTask.lambda$executeRecursively$9()V+14
j  org.junit.platform.engine.support.hierarchical.NodeTestTask$$Lambda+0x00007fe4c80a7430.execute()V+4
j  org.junit.platform.engine.support.hierarchical.ThrowableCollector.execute(Lorg/junit/platform/engine/support/hierarchical/ThrowableCollector$Executable;)V+1
j  org.junit.platform.engine.support.hierarchical.NodeTestTask.executeRecursively()V+31
j  org.junit.platform.engine.support.hierarchical.NodeTestTask.execute()V+55
j  org.junit.platform.engine.support.hierarchical.SameThreadHierarchicalTestExecutorService$$Lambda+0x00007fe4c80a26a8.accept(Ljava/lang/Object;)V+4
j  java.util.ArrayList.forEach(Ljava/util/function/Consumer;)V+46 java.base@21.0.9
j  org.junit.platform.engine.support.hierarchical.SameThreadHierarchicalTestExecutorService.invokeAll(Ljava/util/List;)V+6
j  org.junit.platform.engine.support.hierarchical.NodeTestTask.lambda$executeRecursively$6()V+116
j  org.junit.platform.engine.support.hierarchical.NodeTestTask$$Lambda+0x00007fe4c80a7a80.execute()V+4
j  org.junit.platform.engine.support.hierarchical.ThrowableCollector.execute(Lorg/junit/platform/engine/support/hierarchical/ThrowableCollector$Executable;)V+1
j  org.junit.platform.engine.support.hierarchical.NodeTestTask.lambda$executeRecursively$8(Lorg/junit/platform/engine/support/hierarchical/EngineExecutionContext;)V+15
j  org.junit.platform.engine.support.hierarchical.NodeTestTask$$Lambda+0x00007fe4c80a7858.invoke(Lorg/junit/platform/engine/support/hierarchical/EngineExecutionContext;)V+5
j  org.junit.platform.engine.support.hierarchical.Node.around(Lorg/junit/platform/engine/support/hierarchical/EngineExecutionContext;Lorg/junit/platform/engine/support/hierarchical/Node$Invocation;)V+2
j  org.junit.platform.engine.support.hierarchical.NodeTestTask.lambda$executeRecursively$9()V+14
j  org.junit.platform.engine.support.hierarchical.NodeTestTask$$Lambda+0x00007fe4c80a7430.execute()V+4
j  org.junit.platform.engine.support.hierarchical.ThrowableCollector.execute(Lorg/junit/platform/engine/support/hierarchical/ThrowableCollector$Executable;)V+1
j  org.junit.platform.engine.support.hierarchical.NodeTestTask.executeRecursively()V+31
j  org.junit.platform.engine.support.hierarchical.NodeTestTask.execute()V+55
j  org.junit.platform.engine.support.hierarchical.SameThreadHierarchicalTestExecutorService$$Lambda+0x00007fe4c80a26a8.accept(Ljava/lang/Object;)V+4
j  java.util.ArrayList.forEach(Ljava/util/function/Consumer;)V+46 java.base@21.0.9
j  org.junit.platform.engine.support.hierarchical.SameThreadHierarchicalTestExecutorService.invokeAll(Ljava/util/List;)V+6
j  org.junit.platform.engine.support.hierarchical.NodeTestTask.lambda$executeRecursively$6()V+116
j  org.junit.platform.engine.support.hierarchical.NodeTestTask$$Lambda+0x00007fe4c80a7a80.execute()V+4
j  org.junit.platform.engine.support.hierarchical.ThrowableCollector.execute(Lorg/junit/platform/engine/support/hierarchical/ThrowableCollector$Executable;)V+1
j  org.junit.platform.engine.support.hierarchical.NodeTestTask.lambda$executeRecursively$8(Lorg/junit/platform/engine/support/hierarchical/EngineExecutionContext;)V+15
j  org.junit.platform.engine.support.hierarchical.NodeTestTask$$Lambda+0x00007fe4c80a7858.invoke(Lorg/junit/platform/engine/support/hierarchical/EngineExecutionContext;)V+5
j  org.junit.platform.engine.support.hierarchical.Node.around(Lorg/junit/platform/engine/support/hierarchical/EngineExecutionContext;Lorg/junit/platform/engine/support/hierarchical/Node$Invocation;)V+2
j  org.junit.platform.engine.support.hierarchical.NodeTestTask.lambda$executeRecursively$9()V+14
j  org.junit.platform.engine.support.hierarchical.NodeTestTask$$Lambda+0x00007fe4c80a7430.execute()V+4
j  org.junit.platform.engine.support.hierarchical.ThrowableCollector.execute(Lorg/junit/platform/engine/support/hierarchical/ThrowableCollector$Executable;)V+1
j  org.junit.platform.engine.support.hierarchical.NodeTestTask.executeRecursively()V+31
j  org.junit.platform.engine.support.hierarchical.NodeTestTask.execute()V+55
j  org.junit.platform.engine.support.hierarchical.SameThreadHierarchicalTestExecutorService.submit(Lorg/junit/platform/engine/support/hierarchical/HierarchicalTestExecutorService$TestTask;)Ljava/util/concurrent/Future;+1
j  org.junit.platform.engine.support.hierarchical.HierarchicalTestExecutor.execute()Ljava/util/concurrent/Future;+74
j  org.junit.platform.engine.support.hierarchical.HierarchicalTestEngine.execute(Lorg/junit/platform/engine/ExecutionRequest;)V+31
j  org.junit.platform.launcher.core.EngineExecutionOrchestrator.execute(Lorg/junit/platform/engine/TestDescriptor;Lorg/junit/platform/engine/EngineExecutionListener;Lorg/junit/platform/engine/ConfigurationParameters;Lorg/junit/platform/engine/TestEngine;Lorg/junit/platform/engine/reporting/OutputDirectoryProvider;)V+22
j  org.junit.platform.launcher.core.EngineExecutionOrchestrator.execute(Lorg/junit/platform/launcher/core/LauncherDiscoveryResult;Lorg/junit/platform/engine/EngineExecutionListener;)V+119
j  org.junit.platform.launcher.core.EngineExecutionOrchestrator.execute(Lorg/junit/platform/launcher/core/InternalTestPlan;Lorg/junit/platform/engine/EngineExecutionListener;Lorg/junit/platform/launcher/TestExecutionListener;)V+55
j  org.junit.platform.launcher.core.EngineExecutionOrchestrator.lambda$execute$0(Lorg/junit/platform/launcher/core/InternalTestPlan;Lorg/junit/platform/launcher/TestExecutionListener;)V+6
j  org.junit.platform.launcher.core.EngineExecutionOrchestrator$$Lambda+0x00007fe4c808b7c8.accept(Ljava/lang/Object;)V+12
j  org.junit.platform.launcher.core.EngineExecutionOrchestrator.withInterceptedStreams(Lorg/junit/platform/engine/ConfigurationParameters;Lorg/junit/platform/launcher/core/ListenerRegistry;Ljava/util/function/Consumer;)V+51
j  org.junit.platform.launcher.core.EngineExecutionOrchestrator.execute(Lorg/junit/platform/launcher/core/InternalTestPlan;[Lorg/junit/platform/launcher/TestExecutionListener;)V+23
j  org.junit.platform.launcher.core.DefaultLauncher.execute(Lorg/junit/platform/launcher/core/InternalTestPlan;[Lorg/junit/platform/launcher/TestExecutionListener;)V+6
j  org.junit.platform.launcher.core.DefaultLauncher.execute(Lorg/junit/platform/launcher/TestPlan;[Lorg/junit/platform/launcher/TestExecutionListener;)V+36
j  org.junit.platform.launcher.core.DelegatingLauncher.execute(Lorg/junit/platform/launcher/TestPlan;[Lorg/junit/platform/launcher/TestExecutionListener;)V+6
j  org.junit.platform.launcher.core.InterceptingLauncher.lambda$execute$2(Lorg/junit/platform/launcher/TestPlan;[Lorg/junit/platform/launcher/TestExecutionListener;)Ljava/lang/Object;+3
j  org.junit.platform.launcher.core.InterceptingLauncher$$Lambda+0x00007fe4c808b5a0.proceed()Ljava/lang/Object;+12
j  org.junit.platform.launcher.core.ClasspathAlignmentCheckingLauncherInterceptor.intercept(Lorg/junit/platform/launcher/LauncherInterceptor$Invocation;)Ljava/lang/Object;+1
j  org.junit.platform.launcher.core.InterceptingLauncher.execute(Lorg/junit/platform/launcher/TestPlan;[Lorg/junit/platform/launcher/TestExecutionListener;)V+12
j  org.junit.platform.launcher.core.DelegatingLauncher.execute(Lorg/junit/platform/launcher/TestPlan;[Lorg/junit/platform/launcher/TestExecutionListener;)V+6
j  org.junit.platform.launcher.core.SessionPerRequestLauncher.execute(Lorg/junit/platform/launcher/TestPlan;[Lorg/junit/platform/launcher/TestExecutionListener;)V+13
j  org.eclipse.jdt.internal.junit5.runner.JUnit5TestReference.run(Lorg/eclipse/jdt/internal/junit/runner/TestExecution;)V+77
j  org.eclipse.jdt.internal.junit.runner.TestExecution.run([Lorg/eclipse/jdt/internal/junit/runner/ITestReference;)V+27
j  org.eclipse.jdt.internal.junit.runner.RemoteTestRunner.runTests([Ljava/lang/String;Ljava/lang/String;Lorg/eclipse/jdt/internal/junit/runner/TestExecution;)V+62
j  org.eclipse.jdt.internal.junit.runner.RemoteTestRunner.runTests(Lorg/eclipse/jdt/internal/junit/runner/TestExecution;)V+10
j  org.eclipse.jdt.internal.junit.runner.RemoteTestRunner.run()V+70
j  org.eclipse.jdt.internal.junit.runner.RemoteTestRunner.main([Ljava/lang/String;)V+14
...<more frames>...

siginfo: si_signo: 11 (SIGSEGV), si_code: 1 (SEGV_MAPERR), si_addr: 0x000000000003ff2c

Registers:
RAX=0x000000000003ff20, RBX=0x00000000000000be, RCX=0x00000007ffe865c0, RDX=0x0000000000000004
RSP=0x00007fe5469fbb18, RBP=0x00007fe5469fbb60, RSI=0x00007fe540005cf0, RDI=0x0000000000000000
R8 =0x0000000000000002, R9 =0x00007fe540735ef0, R10=0x00007fe548149660, R11=0xffffffffffffffc0
R12=0x0000000000000000, R13=0x00007fe4c7bf3aec, R14=0x00007fe5469fbb70, R15=0x00007fe54001d4e0
RIP=0x00007fe52f882961, EFLAGS=0x0000000000010202, CSGSFS=0x002b000000000033, ERR=0x0000000000000004
  TRAPNO=0x000000000000000e

XMM[0]=0x00007fe5469fbb60 0x00007f0000000000
XMM[1]=0x00007fe5469fbb18 0x00007fe5469fbb60
XMM[2]=0x0000000000000000 0x00007fe52f86d2f1
XMM[3]=0x0000000000000000 0x00007fe54800d198
XMM[4]=0x0000000000000000 0x00007fe540000090
XMM[5]=0x0000000000000000 0x00007fe5469f9a89
XMM[6]=0x0000000000000000 0x0000000000000000
XMM[7]=0x0000000000000000 0x0000000000000000
XMM[8]=0xb42a0a0000000100 0x0100340000001600
XMM[9]=0x000e178101b4d89f 0x34e63b4167e12cdf
XMM[10]=0xa462e7a6f2ba6438 0xa1b4b173def85c8a
XMM[11]=0xee830681e1ddc99f 0x59db6a41e191dddf
XMM[12]=0x294fe48100acab9f 0x14e8c84188303fdf
XMM[13]=0x0000000000000000 0x351b734c4789fad8
XMM[14]=0x0000000000000000 0x9858ae5bc4cfd574
XMM[15]=0x0000000000000000 0x0000000000000000
  MXCSR=0x00001fa2


Register to memory mapping:

RAX=0x000000000003ff20 is an unknown value
RBX=0x00000000000000be is an unknown value
RCX=0x00000007ffe865c0 is an oop: java.lang.Class 
{0x00000007ffe865c0} - klass: 'java/lang/Class'
 - ---- fields (total size 17 words):
 - private volatile transient 'classRedefinedCount' 'I' @12  1 (0x00000001)
 - injected 'klass' 'J' @16  140620568332848 (0x00007fe4c7060a30)
 - injected 'array_klass' 'J' @24  140620568337136 (0x00007fe4c7061af0)
 - injected 'oop_size' 'I' @32  17 (0x00000011)
 - injected 'static_oop_field_count' 'I' @36  0 (0x00000000)
 - private volatile transient 'cachedConstructor' 'Ljava/lang/reflect/Constructor;' @40  null (0x00000000)
 - private transient 'name' 'Ljava/lang/String;' @44  "java.lang.invoke.MethodHandle"{0x00000007081d40c0} (0xe103a818)
 - private transient 'module' 'Ljava/lang/Module;' @48  a 'java/lang/Module'{0x00000007ffeefd58} (0xfffddfab)
 - private final 'classLoader' 'Ljava/lang/ClassLoader;' @52  null (0x00000000)
 - private transient 'classData' 'Ljava/lang/Object;' @56  null (0x00000000)
 - private transient 'packageName' 'Ljava/lang/String;' @60  "java.lang.invoke"{0x00000007ffe661a8} (0xfffccc35)
 - private final 'componentType' 'Ljava/lang/Class;' @64  null (0x00000000)
 - private volatile transient 'reflectionData' 'Ljava/lang/ref/SoftReference;' @68  a 'java/lang/ref/SoftReference'{0x0000000714f84378} (0xe29f086f)
 - private volatile transient 'genericInfo' 'Lsun/reflect/generics/repository/ClassRepository;' @72  null (0x00000000)
 - private volatile transient 'enumConstants' '[Ljava/lang/Object;' @76  null (0x00000000)
 - private volatile transient 'enumConstantDirectory' 'Ljava/util/Map;' @80  null (0x00000000)
 - private volatile transient 'annotationData' 'Ljava/lang/Class$AnnotationData;' @84  null (0x00000000)
 - private volatile transient 'annotationType' 'Lsun/reflect/annotation/AnnotationType;' @88  null (0x00000000)
 - transient 'classValueMap' 'Ljava/lang/ClassValue$ClassValueMap;' @92  null (0x00000000)
 - injected 'protection_domain' 'Ljava/lang/Object;' @96  null (0x00000000)
 - injected 'signers_name' 'Ljava/lang/Object;' @100  null (0x00000000)
 - injected 'source_file' 'Ljava/lang/Object;' @104  null (0x00000000)
 - injected '<init_lock>' 'Ljava/lang/Object;' @108  null (0x00000000)
 - signature: Ljava/lang/invoke/MethodHandle;
 - ---- static fields (0):
 - private static final 'FORM_OFFSET' 'J' @112  20 (0x0000000000000014)
 - private static final 'UPDATE_OFFSET' 'J' @120  13 (0x000000000000000d)
 - static final synthetic '$assertionsDisabled' 'Z' @128  true (0x01)
RDX=0x0000000000000004 is an unknown value
RSP=0x00007fe5469fbb18 is pointing into the stack for thread: 0x00007fe54001d4e0
RBP=0x00007fe5469fbb60 is pointing into the stack for thread: 0x00007fe54001d4e0
RSI=0x00007fe540005cf0 points into unknown readable memory: 0x0000008000000001 | 01 00 00 00 80 00 00 00
RDI=0x0 is null
R8 =0x0000000000000002 is an unknown value
R9 =0x00007fe540735ef0 points into unknown readable memory: 0x00007fe4c34025e8 | e8 25 40 c3 e4 7f 00 00
R10=0x00007fe548149660: <offset 0x0000000001349660> in /usr/lib/jvm/java-21-openjdk/lib/server/libjvm.so at 0x00007fe546e00000
R11=0xffffffffffffffc0 is an unknown value
R12=0x0 is null
R13=0x00007fe4c7bf3aec is pointing into metadata
R14=0x00007fe5469fbb70 is pointing into the stack for thread: 0x00007fe54001d4e0
R15=0x00007fe54001d4e0 is a thread

Top of Stack: (sp=0x00007fe5469fbb18)
0x00007fe5469fbb18:   00007fe5469fbb18 00007fe4c7bf3ae8
0x00007fe5469fbb28:   0000000000000002 00007fe4c7457700
0x00007fe5469fbb38:   00007fe4c300beb0 00000007ffe80510
0x00007fe5469fbb48:   00007fe4c700ee88 0000000000000000
0x00007fe5469fbb58:   00007fe5469fbb70 00007fe5469fbbc0
0x00007fe5469fbb68:   00007fe52f867bf8 00000007ffe865c0
0x00007fe5469fbb78:   00007fe5469fbb78 00007fe4c7c0e4b2
0x00007fe5469fbb88:   0000000000000004 00007fe4c7464640
0x00007fe5469fbb98:   00007fe4c3022c50 00000007ffe888a0
0x00007fe5469fbba8:   00007fe4c7465cd0 00007fe5469fbb70
0x00007fe5469fbbb8:   00007fe5469fbbd8 00007fe5469fbc30
0x00007fe5469fbbc8:   00007fe52f867ccf 0000000000000000
0x00007fe5469fbbd8:   00000007ffe865c0 0000000716216a28
0x00007fe5469fbbe8:   00007fe5469fbbe8 00007fe4c7c0a4a2
0x00007fe5469fbbf8:   0000000000000003 00007fe4c74634d8
0x00007fe5469fbc08:   00007fe4c3022a58 00000007ffe82a28
0x00007fe5469fbc18:   00007fe4c74630e8 00007fe5469fbbd8
0x00007fe5469fbc28:   00007fe5469fbc40 00007fe5469fbc98
0x00007fe5469fbc38:   00007fe52f867ccf 00000007ffe865c0
0x00007fe5469fbc48:   0000000716216a28 00007fe5469fbc50
0x00007fe5469fbc58:   00007fe4c7c15ccc 0000000000000004
0x00007fe5469fbc68:   00007fe4c746b488 00007fe4c33c0d20
0x00007fe5469fbc78:   00000007ffe80138 00007fe4c7469818
0x00007fe5469fbc88:   00007fe5469fbc40 00007fe5469fbca8
0x00007fe5469fbc98:   00007fe5469fbd18 00007fe52f867ccf
0x00007fe5469fbca8:   0000000716216950 00000007ffe865c0
0x00007fe5469fbcb8:   0000000714e28bc8 0000000716216a00
0x00007fe5469fbcc8:   0000000716216a00 00007fe5469fbcd0
0x00007fe5469fbcd8:   00007fe4c7c14b73 0000000000000006
0x00007fe5469fbce8:   00007fe4c746b488 00007fe4c33c07b8
0x00007fe5469fbcf8:   00000007ffe80138 00007fe4c7468ef0
0x00007fe5469fbd08:   00007fe5469fbca8 00007fe5469fbd38 

Instructions: (pc=0x00007fe52f882961)
0x00007fe52f882861:   a0 03 00 00 00 00 00 00 c5 f8 77 41 8b bf 24 05
0x00007fe52f882871:   00 00 40 f6 c7 01 0f 84 2d 00 00 00 40 f6 c7 02
0x00007fe52f882881:   0f 85 23 00 00 00 40 f6 c4 0f 0f 84 12 00 00 00
0x00007fe52f882891:   48 83 ec 08 e8 56 17 c3 17 48 83 c4 08 e9 05 00
0x00007fe52f8828a1:   00 00 e8 48 17 c3 17 ff e0 49 8b bf f8 05 00 00
0x00007fe52f8828b1:   48 85 ff 0f 84 3f 00 00 00 8b bf 9c 00 00 00 83
0x00007fe52f8828c1:   ff 01 0f 85 30 00 00 00 49 8b bf f8 05 00 00 8b
0x00007fe52f8828d1:   bf a0 00 00 00 40 f6 c4 0f 0f 84 12 00 00 00 48
0x00007fe52f8828e1:   83 ec 08 e8 47 17 c3 17 48 83 c4 08 e9 05 00 00
0x00007fe52f8828f1:   00 e8 39 17 c3 17 ff e0 49 83 7f 08 00 0f 84 05
0x00007fe52f882901:   00 00 00 e9 f7 d2 fd ff 49 8b 87 f0 03 00 00 49
0x00007fe52f882911:   c7 87 f0 03 00 00 00 00 00 00 4c 8b 6d c0 4c 8b
0x00007fe52f882921:   75 c8 4e 8d 74 f5 00 c3 41 0f b6 5d 03 49 83 c5
0x00007fe52f882931:   03 49 ba 60 8e 14 48 e5 7f 00 00 41 ff 24 da c2
0x00007fe52f882941:   ea d1 47 e5 7f 00 00 40 00 00 00 be 00 00 00 00
0x00007fe52f882951:   00 00 00 00 00 00 00 00 00 00 00 00 00 00 00 58
0x00007fe52f882961:   8b 40 0c 41 0f b6 5d 01 49 ff c5 49 ba 60 6e 14
0x00007fe52f882971:   48 e5 7f 00 00 41 ff 24 da 66 0f 1f 44 00 00 ce
0x00007fe52f882981:   ea d1 47 e5 7f 00 00 30 00 00 00 bf 00 00 00 00
0x00007fe52f882991:   00 00 00 00 00 00 00 00 00 00 00 00 00 00 00 58
0x00007fe52f8829a1:   48 3b 00 e9 6f 8d fe ff 0f 1f 80 00 00 00 00 48
0x00007fe52f8829b1:   f9 d1 47 e5 7f 00 00 c0 02 00 00 c0 00 00 00 58
0x00007fe52f8829c1:   48 85 c0 0f 84 71 02 00 00 48 8b 4d e8 48 8b 49
0x00007fe52f8829d1:   08 48 8b 49 08 48 8b 51 08 41 0f b7 5d 01 0f cb
0x00007fe52f8829e1:   c1 eb 10 80 7c 1a 04 07 0f 84 2d 01 00 00 50 e8
0x00007fe52f8829f1:   05 00 00 00 e9 0d 01 00 00 48 8d 44 24 08 4c 89
0x00007fe52f882a01:   6d c0 49 8b ff c5 f8 77 49 89 af a8 03 00 00 49
0x00007fe52f882a11:   89 87 98 03 00 00 40 f6 c4 0f 0f 84 12 00 00 00
0x00007fe52f882a21:   48 83 ec 08 e8 86 7c c3 17 48 83 c4 08 e9 05 00
0x00007fe52f882a31:   00 00 e8 78 7c c3 17 49 c7 87 98 03 00 00 00 00
0x00007fe52f882a41:   00 00 49 c7 87 a8 03 00 00 00 00 00 00 49 c7 87
0x00007fe52f882a51:   a0 03 00 00 00 00 00 00 c5 f8 77 41 8b bf 24 05 


Stack slot to memory mapping:

stack at sp + 0 slots: 0x00007fe5469fbb18 is pointing into the stack for thread: 0x00007fe54001d4e0
stack at sp + 1 slots: 0x00007fe4c7bf3ae8 is pointing into metadata
stack at sp + 2 slots: 0x0000000000000002 is an unknown value
stack at sp + 3 slots: 0x00007fe4c7457700 is pointing into metadata
stack at sp + 4 slots: 0x00007fe4c300beb0 is pointing into metadata
stack at sp + 5 slots: 0x00000007ffe80510 is an oop: java.lang.Class 
{0x00000007ffe80510} - klass: 'java/lang/Class'
 - ---- fields (total size 17 words):
 - private volatile transient 'classRedefinedCount' 'I' @12  1 (0x00000001)
 - injected 'klass' 'J' @16  140620567996536 (0x00007fe4c700e878)
 - injected 'array_klass' 'J' @24  140620567997472 (0x00007fe4c700ec20)
 - injected 'oop_size' 'I' @32  17 (0x00000011)
 - injected 'static_oop_field_count' 'I' @36  2 (0x00000002)
 - private volatile transient 'cachedConstructor' 'Ljava/lang/reflect/Constructor;' @40  null (0x00000000)
 - private transient 'name' 'Ljava/lang/String;' @44  "java.lang.String"{0x00000007082a24d0} (0xe105449a)
 - private transient 'module' 'Ljava/lang/Module;' @48  a 'java/lang/Module'{0x00000007ffeefd58} (0xfffddfab)
 - private final 'classLoader' 'Ljava/lang/ClassLoader;' @52  null (0x00000000)
 - private transient 'classData' 'Ljava/lang/Object;' @56  null (0x00000000)
 - private transient 'packageName' 'Ljava/lang/String;' @60  "java.lang"{0x00000007ffe4be58} (0xfffc97cb)
 - private final 'componentType' 'Ljava/lang/Class;' @64  null (0x00000000)
 - private volatile transient 'reflectionData' 'Ljava/lang/ref/SoftReference;' @68  a 'java/lang/ref/SoftReference'{0x00000007082a2468} (0xe105448d)
 - private volatile transient 'genericInfo' 'Lsun/reflect/generics/repository/ClassRepository;' @72  null (0x00000000)
 - private volatile transient 'enumConstants' '[Ljava/lang/Object;' @76  null (0x00000000)
 - private volatile transient 'enumConstantDirectory' 'Ljava/util/Map;' @80  null (0x00000000)
 - private volatile transient 'annotationData' 'Ljava/lang/Class$AnnotationData;' @84  null (0x00000000)
 - private volatile transient 'annotationType' 'Lsun/reflect/annotation/AnnotationType;' @88  null (0x00000000)
 - transient 'classValueMap' 'Ljava/lang/ClassValue$ClassValueMap;' @92  null (0x00000000)
 - injected 'protection_domain' 'Ljava/lang/Object;' @96  null (0x00000000)
 - injected 'signers_name' 'Ljava/lang/Object;' @100  null (0x00000000)
 - injected 'source_file' 'Ljava/lang/Object;' @104  null (0x00000000)
 - injected '<init_lock>' 'Ljava/lang/Object;' @108  null (0x00000000)
 - signature: Ljava/lang/String;
 - ---- static fields (2):
 - private static final 'serialVersionUID' 'J' @120  -6849794470754667710 (0xa0f0a4387a3bb342)
 - static final 'COMPACT_STRINGS' 'Z' @130  true (0x01)
 - private static final 'serialPersistentFields' '[Ljava/io/ObjectStreamField;' @112  a 'java/io/ObjectStreamField'[0] {0x00000007082a2458} (0xe105448b)
 - private static final 'REPL' 'C' @128    65533 (0xfffd)
 - public static final 'CASE_INSENSITIVE_ORDER' 'Ljava/util/Comparator;' @116  a 'java/lang/String$CaseInsensitiveComparator'{0x00000007082a2448} (0xe1054489)
 - static final 'LATIN1' 'B' @131  0 (0x00)
 - static final 'UTF16' 'B' @132  1 (0x01)
stack at sp + 6 slots: {method} {0x00007fe4c700ee88} 'length' '()I' in 'java/lang/String'
stack at sp + 7 slots: 0x0 is null

arraylength  190 arraylength  [0x00007fe52f882960, 0x00007fe52f882980]  32 bytes
[MachCode]
  0x00007fe52f882960: 588b 400c | 410f b65d | 0149 ffc5 | 49ba 606e | 1448 e57f | 0000 41ff | 24da 660f | 1f44 0000 
[/MachCode]

Compiled method (c1) 18755 2511   !   3       jdk.internal.reflect.DirectMethodHandleAccessor::invoke (92 bytes)
 total in heap  [0x00007fe528918110,0x00007fe52891c1d8] = 16584
 relocation     [0x00007fe528918268,0x00007fe528918630] = 968
 main code      [0x00007fe528918640,0x00007fe52891aa60] = 9248
 stub code      [0x00007fe52891aa60,0x00007fe52891ab68] = 264
 oops           [0x00007fe52891ab68,0x00007fe52891aba0] = 56
 metadata       [0x00007fe52891aba0,0x00007fe52891ac20] = 128
 scopes data    [0x00007fe52891ac20,0x00007fe52891b1c0] = 1440
 scopes pcs     [0x00007fe52891b1c0,0x00007fe52891b820] = 1632
 dependencies   [0x00007fe52891b820,0x00007fe52891b848] = 40
 handler table  [0x00007fe52891b848,0x00007fe52891c118] = 2256
 nul chk table  [0x00007fe52891c118,0x00007fe52891c1d8] = 192

[Constant Pool (empty)]

[MachCode]
[Entry Point]
  # {method} {0x00007fe4c719dad8} 'invoke' '(Ljava/lang/Object;[Ljava/lang/Object;)Ljava/lang/Object;' in 'jdk/internal/reflect/DirectMethodHandleAccessor'
  # this:     rsi:rsi   = 'jdk/internal/reflect/DirectMethodHandleAccessor'
  # parm0:    rdx:rdx   = 'java/lang/Object'
  # parm1:    rcx:rcx   = '[Ljava/lang/Object;'
  #           [sp+0x1b0]  (sp of caller)
  0x00007fe528918640: 448b 5608 | 49bb 0000 | 00c7 e47f | 0000 4d03 | d34c 3bd0 

  0x00007fe528918654: ;   {runtime_call ic_miss_stub}
  0x00007fe528918654: 0f85 264a | f906 660f | 1f44 0000 
[Verified Entry Point]
  0x00007fe528918660: 8984 2400 | c0fe ff55 | 4881 eca0 | 0100 0090 | 4181 7f20 | 0100 0000 

  0x00007fe528918678: ;   {runtime_call StubRoutines (final stubs)}
  0x00007fe528918678: 7405 e821 | aef7 0648 | 89b4 24b0 | 0000 0048 | 8994 24c0 | 0000 0048 | 898c 24b8 

  0x00007fe528918694: ;   {metadata(method data for {method} {0x00007fe4c719dad8} 'invoke' '(Ljava/lang/Object;[Ljava/lang/Object;)Ljava/lang/Object;' in 'jdk/internal/reflect/DirectMethodHandleAccessor')}
  0x00007fe528918694: 0000 0048 | bfb8 73b1 | c3e4 7f00 | 008b 9ff4 | 0000 0083 | c302 899f | f400 0000 | 81e3 fe07 
  0x00007fe5289186b4: 0000 85db | 0f84 361e | 0000 488b 

  0x00007fe5289186c0: ;   {metadata(method data for {method} {0x00007fe4c719dad8} 'invoke' '(Ljava/lang/Object;[Ljava/lang/Object;)Ljava/lang/Object;' in 'jdk/internal/reflect/DirectMethodHandleAccessor')}
  0x00007fe5289186c0: fe48 bbb8 | 73b1 c3e4 | 7f00 0048 | 8383 3801 

  0x00007fe5289186d0: ;   {metadata(method data for {method} {0x00007fe4c73cad60} 'isStatic' '()Z' in 'jdk/internal/reflect/DirectMethodHandleAccessor')}
  0x00007fe5289186d0: 0000 0148 | bfa0 69b0 | c3e4 7f00 | 008b 9ff4 | 0000 0083 | c302 899f | f400 0000 | 81e3 feff 
  0x00007fe5289186f0: 1f00 85db | 0f84 1b1e | 0000 8b7e | 1081 e700 | 0200 0081 | ff00 0200 

  0x00007fe528918708: ;   {metadata(method data for {method} {0x00007fe4c73cad60} 'isStatic' '()Z' in 'jdk/internal/reflect/DirectMethodHandleAccessor')}
  0x00007fe528918708: 0048 bfa0 | 69b0 c3e4 | 7f00 0048 | c7c3 3801 | 0000 7507 | 48c7 c348 | 0100 0048 | 8b04 1f48 
  0x00007fe528918728: 8d40 0148 | 8904 1f0f | 851a 0000 

  0x00007fe528918734: ;   {metadata(method data for {method} {0x00007fe4c73cad60} 'isStatic' '()Z' in 'jdk/internal/reflect/DirectMethodHandleAccessor')}
  0x00007fe528918734: 0048 bfa0 | 69b0 c3e4 | 7f00 00ff | 8758 0100 | 00bf 0100 | 0000 e905 | 0000 00bf | 0000 0000 
  0x00007fe528918754: 83e7 0185 

  0x00007fe528918758: ;   {metadata(method data for {method} {0x00007fe4c719dad8} 'invoke' '(Ljava/lang/Object;[Ljava/lang/Object;)Ljava/lang/Object;' in 'jdk/internal/reflect/DirectMethodHandleAccessor')}
  0x00007fe528918758: ff48 bfb8 | 73b1 c3e4 | 7f00 0048 | c7c3 7001 | 0000 7507 | 48c7 c380 | 0100 0048 | 8b04 1f48 
  0x00007fe528918778: 8d40 0148 | 8904 1f0f | 85d5 0000 | 0048 8bfe 

  0x00007fe528918788: ;   {metadata(method data for {method} {0x00007fe4c719dad8} 'invoke' '(Ljava/lang/Object;[Ljava/lang/Object;)Ljava/lang/Object;' in 'jdk/internal/reflect/DirectMethodHandleAccessor')}
  0x00007fe528918788: 48bb b873 | b1c3 e47f | 0000 4883 | 8390 0100 

  0x00007fe528918798: ;   {metadata(method data for {method} {0x00007fe4c73cacb0} 'checkReceiver' '(Ljava/lang/Object;)V' in 'jdk/internal/reflect/DirectMethodHandleAccessor')}
  0x00007fe528918798: 0001 48bf | 587b b1c3 | e47f 0000 | 8b9f f400 | 0000 83c3 | 0289 9ff4 | 0000 0081 | e3fe ff1f 
  0x00007fe5289187b8: 0085 db0f | 8475 1d00 | 008b 7e14 | 48c1 e703 

  0x00007fe5289187c8: ; implicit exception: dispatches to 0x00007fe52891a557
  0x00007fe5289187c8: 483b 0248 

  0x00007fe5289187cc: ;   {metadata(method data for {method} {0x00007fe4c73cacb0} 'checkReceiver' '(Ljava/lang/Object;)V' in 'jdk/internal/reflect/DirectMethodHandleAccessor')}
  0x00007fe5289187cc: 8bda 48b8 | 587b b1c3 | e47f 0000 | 4883 8038 | 0100 0001 | 8b5a 0849 | ba00 0000 | c7e4 7f00 
  0x00007fe5289187ec: 0049 03da | 488b 5b70 | 488b 1b48 | 3b07 488b 

  0x00007fe5289187fc: ;   {metadata(method data for {method} {0x00007fe4c73cacb0} 'checkReceiver' '(Ljava/lang/Object;)V' in 'jdk/internal/reflect/DirectMethodHandleAccessor')}
  0x00007fe5289187fc: c749 b858 | 7bb1 c3e4 | 7f00 0049 | 8380 7001 | 0000 0148 | 8bd3 488b 

  0x00007fe528918814: ;   {optimized virtual_call}
  0x00007fe528918814: f766 90e8 

  0x00007fe528918818: ; ImmutableOopMap {[176]=Oop [184]=Oop [192]=Oop }
                      ;*invokevirtual isAssignableFrom {reexecute=0 rethrow=0 return_oop=0}
                      ; - jdk.internal.reflect.DirectMethodHandleAccessor::checkReceiver@8 (line 196)
                      ; - jdk.internal.reflect.DirectMethodHandleAccessor::invoke@9 (line 99)
  0x00007fe528918818: 24f7 6a07 

  0x00007fe52891881c: ;   {other}
  0x00007fe52891881c: 0f1f 8400 | 0c07 0000 

  0x00007fe528918824: ;   {metadata(method data for {method} {0x00007fe4c73cacb0} 'checkReceiver' '(Ljava/lang/Object;)V' in 'jdk/internal/reflect/DirectMethodHandleAccessor')}
  0x00007fe528918824: 85c0 48be | 587b b1c3 | e47f 0000 | 48c7 c2b8 | 0100 0074 | 0748 c7c2 | a801 0000 | 488b 3c16 
  0x00007fe528918844: 488d 7f01 | 4889 3c16 | 0f84 2a1b | 0000 488b | b424 b000 | 0000 8b56 

  0x00007fe52891885c: ;   {metadata(method data for {method} {0x00007fe4c719dad8} 'invoke' '(Ljava/lang/Object;[Ljava/lang/Object;)Ljava/lang/Object;' in 'jdk/internal/reflect/DirectMethodHandleAccessor')}
  0x00007fe52891885c: 0c48 bfb8 | 73b1 c3e4 | 7f00 0048 | 8387 c801 | 0000 0148 | 8bf2 488b | 9424 b800 | 0000 0f1f 
  0x00007fe52891887c: ;   {static_call}
  0x00007fe52891887c: 4400 00e8 

  0x00007fe528918880: ; ImmutableOopMap {[176]=Oop [184]=Oop [192]=Oop }
                      ;*invokestatic checkArgumentCount {reexecute=0 rethrow=0 return_oop=0}
                      ; - jdk.internal.reflect.DirectMethodHandleAccessor::invoke@17 (line 101)
  0x00007fe528918880: fcd5 e7ff 

  0x00007fe528918884: ;   {other}
  0x00007fe528918884: 0f1f 8400 | 7407 0001 | 488b b424 | b000 0000 

  0x00007fe528918894: ;   {metadata(method data for {method} {0x00007fe4c719dad8} 'invoke' '(Ljava/lang/Object;[Ljava/lang/Object;)Ljava/lang/Object;' in 'jdk/internal/reflect/DirectMethodHandleAccessor')}
  0x00007fe528918894: 488b fe48 | bbb8 73b1 | c3e4 7f00 | 0048 8383 | d801 0000 

  0x00007fe5289188a8: ;   {metadata(method data for {method} {0x00007fe4c73cac00} 'invokeImpl' '(Ljava/lang/Object;[Ljava/lang/Object;)Ljava/lang/Object;' in 'jdk/internal/reflect/DirectMethodHandleAccessor')}
  0x00007fe5289188a8: 0148 bf18 | 77b1 c3e4 | 7f00 008b | 9ff4 0000 | 0083 c302 | 899f f400 | 0000 81e3 | feff 1f00 
  0x00007fe5289188c8: 85db 0f84 | 911c 0000 

  0x00007fe5289188d0: ;   {metadata(method data for {method} {0x00007fe4c73cac00} 'invokeImpl' '(Ljava/lang/Object;[Ljava/lang/Object;)Ljava/lang/Object;' in 'jdk/internal/reflect/DirectMethodHandleAccessor')}
  0x00007fe5289188d0: 8b7e 0c48 | bb18 77b1 | c3e4 7f00 | 0048 c7c0 | 4001 0000 | 85ff 488b | d048 c7c0 | 5001 0000 
  0x00007fe5289188f0: 480f 45c2 | 83ff 0148 | 8bd0 48c7 | c060 0100 | 0048 0f45 | c283 ff02 | 488b d048 | c7c0 7001 
  0x00007fe528918910: 0000 480f | 45c2 83ff | 0348 8bd0 | 48c7 c080 | 0100 0048 | 0f45 c248 | 8b14 0349 | c7c2 0100 
  0x00007fe528918930: 0000 4903 | d248 8914 | 0385 ff0f | 84b9 1100 | 0083 ff01 | 0f84 e80d | 0000 83ff | 020f 84fa 
  0x00007fe528918950: 0900 0083 | ff03 0f84 | e403 0000 | 488b 9424 | c000 0000 | 8b7e 1848 | c1e7 0348 | 89bc 24c8 
  0x00007fe528918970: ;   {metadata(method data for {method} {0x00007fe4c73cac00} 'invokeImpl' '(Ljava/lang/Object;[Ljava/lang/Object;)Ljava/lang/Object;' in 'jdk/internal/reflect/DirectMethodHandleAccessor')}
  0x00007fe528918970: 0000 0048 | bb18 77b1 | c3e4 7f00 | 0048 8d9b | c003 0000 | 4885 d275 | 0ef6 4308 | 0175 30f0 
  0x00007fe528918990: 4883 4b08 | 01eb 288b | 4208 49ba | 0000 00c7 | e47f 0000 | 4903 c24c | 8bd0 4833 | 4308 48a9 
  0x00007fe5289189b0: fcff ffff | 7409 a802 | 7505 4883 

  0x00007fe5289189bc: ;   {metadata(method data for {method} {0x00007fe4c70b0908} 'invokeExact_MT' '(Ljava/lang/Object;Ljava/lang/Object;Ljava/lang/Object;Ljava/lang/Object;)Ljava/lang/Object;' in 'java/lang/invoke/Invokers$Holder')}
  0x00007fe5289189bc: 4b08 0248 | bb78 7db1 | c3e4 7f00 | 0048 8d9b | e002 0000 | 4885 ff75 | 0af6 0301 | 7505 f048 
  0x00007fe5289189dc: 830b 0148 | 85d2 750c | f643 1001 | 7506 f048 | 834b 1001 

  0x00007fe5289189f0: ;   {metadata(method data for {method} {0x00007fe4c73cac00} 'invokeImpl' '(Ljava/lang/Object;[Ljava/lang/Object;)Ljava/lang/Object;' in 'jdk/internal/reflect/DirectMethodHandleAccessor')}
  0x00007fe5289189f0: 48bb 1877 | b1c3 e47f | 0000 4883 | 8388 0300 

  0x00007fe528918a00: ;   {metadata(method data for {method} {0x00007fe4c70b0908} 'invokeExact_MT' '(Ljava/lang/Object;Ljava/lang/Object;Ljava/lang/Object;Ljava/lang/Object;)Ljava/lang/Object;' in 'java/lang/invoke/Invokers$Holder')}
  0x00007fe528918a00: 0001 48bb | 787d b1c3 | e47f 0000 | 8b83 f400 | 0000 83c0 | 0289 83f4 | 0000 0025 | feff 1f00 
  0x00007fe528918a20: 85c0 0f84 | 5a1b 0000 

  0x00007fe528918a28: ;   {metadata(method data for {method} {0x00007fe4c70b0908} 'invokeExact_MT' '(Ljava/lang/Object;Ljava/lang/Object;Ljava/lang/Object;Ljava/lang/Object;)Ljava/lang/Object;' in 'java/lang/invoke/Invokers$Holder')}
  0x00007fe528918a28: 48bb 787d | b1c3 e47f | 0000 488d | 9bb8 0100 | 0048 85ff | 750c f643 | 0801 7506 | f048 834b 
  0x00007fe528918a48: ;   {oop(a 'java/lang/invoke/MethodType'{0x0000000714e3c0a0} = (Ljava/lang/Object;[Ljava/lang/Object;)Ljava/lang/Object;)}
  0x00007fe528918a48: 0801 48b8 | a0c0 e314 | 0700 0000 | 4885 c075 | 0cf6 4318 | 0175 06f0 | 4883 4b18 

  0x00007fe528918a64: ;   {metadata(method data for {method} {0x00007fe4c70b0908} 'invokeExact_MT' '(Ljava/lang/Object;Ljava/lang/Object;Ljava/lang/Object;Ljava/lang/Object;)Ljava/lang/Object;' in 'java/lang/invoke/Invokers$Holder')}
  0x00007fe528918a64: 0148 bb78 | 7db1 c3e4 | 7f00 0048 | 8383 a801 

  0x00007fe528918a74: ;   {metadata(method data for {method} {0x00007fe4c73de730} 'checkExactType' '(Ljava/lang/invoke/MethodHandle;Ljava/lang/invoke/MethodType;)V' in 'java/lang/invoke/Invokers')}
  0x00007fe528918a74: 0000 0148 | bb00 691b | c3e4 7f00 | 008b 8bf4 | 0000 0083 | c102 898b | f400 0000 | 81e1 feff 
  0x00007fe528918a94: 1f00 85c9 | 0f84 051b | 0000 483b | 0748 8bdf 

  0x00007fe528918aa4: ;   {metadata(method data for {method} {0x00007fe4c73de730} 'checkExactType' '(Ljava/lang/invoke/MethodHandle;Ljava/lang/invoke/MethodType;)V' in 'java/lang/invoke/Invokers')}
  0x00007fe528918aa4: 48b9 0069 | 1bc3 e47f | 0000 8b5b | 0849 ba00 | 0000 c7e4 | 7f00 0049 | 03da 483b | 9948 0100 
  0x00007fe528918ac4: 0075 0d48 | 8381 5001 | 0000 01e9 | 6000 0000 | 483b 9958 | 0100 0075 | 0d48 8381 | 6001 0000 
  0x00007fe528918ae4: 01e9 4a00 | 0000 4883 | b948 0100 | 0000 7517 | 4889 9948 | 0100 0048 | c781 5001 | 0000 0100 
  0x00007fe528918b04: 0000 e929 | 0000 0048 | 83b9 5801 | 0000 0075 | 1748 8999 | 5801 0000 | 48c7 8160 | 0100 0001 
  0x00007fe528918b24: 0000 00e9 | 0800 0000 | 4883 8138 | 0100 0001 | 8b5f 1048 | c1e3 0348 

  0x00007fe528918b3c: ;   {metadata(method data for {method} {0x00007fe4c73de730} 'checkExactType' '(Ljava/lang/invoke/MethodHandle;Ljava/lang/invoke/MethodType;)V' in 'java/lang/invoke/Invokers')}
  0x00007fe528918b3c: 3bd8 48b8 | 0069 1bc3 | e47f 0000 | 48c7 c180 | 0100 0075 | 0748 c7c1 | 7001 0000 | 4c8b 0408 
  0x00007fe528918b5c: 4d8d 4001 | 4c89 0408 | 0f85 9d13 

  0x00007fe528918b68: ;   {metadata(method data for {method} {0x00007fe4c70b0908} 'invokeExact_MT' '(Ljava/lang/Object;Ljava/lang/Object;Ljava/lang/Object;Ljava/lang/Object;)Ljava/lang/Object;' in 'java/lang/invoke/Invokers$Holder')}
  0x00007fe528918b68: 0000 48bb | 787d b1c3 | e47f 0000 | 4883 83e0 | 0100 0001 

  0x00007fe528918b7c: ;   {metadata(method data for {method} {0x00007fe4c73de628} 'checkCustomized' '(Ljava/lang/invoke/MethodHandle;)V' in 'java/lang/invoke/Invokers')}
  0x00007fe528918b7c: 48bb e86a | 1bc3 e47f | 0000 8b83 | f400 0000 | 83c0 0289 | 83f4 0000 | 0025 feff | 1f00 85c0 
  0x00007fe528918b9c: 0f84 271a 

  0x00007fe528918ba0: ;   {metadata(method data for {method} {0x00007fe4c73de628} 'checkCustomized' '(Ljava/lang/invoke/MethodHandle;)V' in 'java/lang/invoke/Invokers')}
  0x00007fe528918ba0: 0000 48bb | e86a 1bc3 | e47f 0000 | 4883 8338 | 0100 0001 

  0x00007fe528918bb4: ;   {metadata(method data for {method} {0x00007fe4c7096af8} 'isCompileConstant' '(Ljava/lang/Object;)Z' in 'java/lang/invoke/MethodHandleImpl')}
  0x00007fe528918bb4: 48bb c06c | 1bc3 e47f | 0000 8b83 | f400 0000 | 83c0 0289 | 83f4 0000 | 0025 feff | 1f00 85c0 
  0x00007fe528918bd4: 0f84 101a 

  0x00007fe528918bd8: ;   {metadata(method data for {method} {0x00007fe4c73de628} 'checkCustomized' '(Ljava/lang/invoke/MethodHandle;)V' in 'java/lang/invoke/Invokers')}
  0x00007fe528918bd8: 0000 48bb | e86a 1bc3 | e47f 0000 | ff83 4801 | 0000 8b5f | 1448 c1e3 | 038b 5b1c | 48c1 e303 
  0x00007fe528918bf8: ;   {metadata(method data for {method} {0x00007fe4c73de628} 'checkCustomized' '(Ljava/lang/invoke/MethodHandle;)V' in 'java/lang/invoke/Invokers')}
  0x00007fe528918bf8: 4885 db48 | bbe8 6a1b | c3e4 7f00 | 0048 c7c0 | 6801 0000 | 7507 48c7 | c078 0100 | 0048 8b0c 
  0x00007fe528918c18: 0348 8d49 | 0148 890c | 030f 8525 

  0x00007fe528918c24: ;   {metadata(method data for {method} {0x00007fe4c73de628} 'checkCustomized' '(Ljava/lang/invoke/MethodHandle;)V' in 'java/lang/invoke/Invokers')}
  0x00007fe528918c24: 0000 0048 | bbe8 6a1b | c3e4 7f00 | 0048 8383 | 8801 0000 | 0148 8bf7 

  0x00007fe528918c3c: ;   {static_call}
  0x00007fe528918c3c: 6666 90e8 

  0x00007fe528918c40: ; ImmutableOopMap {[176]=Oop [184]=Oop [192]=Oop [200]=Oop }
                      ;*invokestatic maybeCustomize {reexecute=0 rethrow=0 return_oop=0}
                      ; - java.lang.invoke.Invokers::checkCustomized@19 (line 627)
                      ; - java.lang.invoke.Invokers$Holder::invokeExact_MT@14
                      ; - jdk.internal.reflect.DirectMethodHandleAccessor::invokeImpl@104 (line 157)
                      ; - jdk.internal.reflect.DirectMethodHandleAccessor::invoke@23 (line 103)
  0x00007fe528918c40: 3c4d f906 

  0x00007fe528918c44: ;   {other}
  0x00007fe528918c44: 0f1f 8400 | 340b 0002 | 488b 8c24 | b800 0000 | 488b 9424 | c000 0000 

  0x00007fe528918c5c: ;   {metadata(method data for {method} {0x00007fe4c70b0908} 'invokeExact_MT' '(Ljava/lang/Object;Ljava/lang/Object;Ljava/lang/Object;Ljava/lang/Object;)Ljava/lang/Object;' in 'java/lang/invoke/Invokers$Holder')}
  0x00007fe528918c5c: 48be 787d | b1c3 e47f | 0000 488d | b640 0200 | 0048 85d2 | 750c f646 | 0801 7506 | f048 834e 
  0x00007fe528918c7c: 0801 4885 | c975 0cf6 | 4618 0175 | 06f0 4883 | 4e18 0148 | 8bbc 24c8 

  0x00007fe528918c94: ;   {metadata(method data for {method} {0x00007fe4c70b0908} 'invokeExact_MT' '(Ljava/lang/Object;Ljava/lang/Object;Ljava/lang/Object;Ljava/lang/Object;)Ljava/lang/Object;' in 'java/lang/invoke/Invokers$Holder')}
  0x00007fe528918c94: 0000 0048 | be78 7db1 | c3e4 7f00 | 0048 8386 | 0802 0000 | 0148 8bfa | 488b d748 | 8bd9 488b 
  0x00007fe528918cb4: cb48 8bb4 | 24c8 0000 

  0x00007fe528918cbc: ;   {optimized virtual_call}
  0x00007fe528918cbc: 0066 90e8 

  0x00007fe528918cc0: ; ImmutableOopMap {[176]=Oop [184]=Oop [192]=Oop [200]=Oop }
                      ;*invokevirtual invokeBasic {reexecute=0 rethrow=0 return_oop=0}
                      ; - java.lang.invoke.Invokers$Holder::invokeExact_MT@20
                      ; - jdk.internal.reflect.DirectMethodHandleAccessor::invokeImpl@104 (line 157)
                      ; - jdk.internal.reflect.DirectMethodHandleAccessor::invoke@23 (line 103)
  0x00007fe528918cc0: bc46 f906 

  0x00007fe528918cc4: ;   {other}
  0x00007fe528918cc4: 0f1f 8400 | b40b 0003 

  0x00007fe528918ccc: ;   {metadata(method data for {method} {0x00007fe4c73cac00} 'invokeImpl' '(Ljava/lang/Object;[Ljava/lang/Object;)Ljava/lang/Object;' in 'jdk/internal/reflect/DirectMethodHandleAccessor')}
  0x00007fe528918ccc: 48be 1877 | b1c3 e47f | 0000 488d | b6e0 0300 | 0048 85c0 | 7502 eb46 | 8b78 0849 | ba00 0000 
  0x00007fe528918cec: c7e4 7f00 | 0049 03fa | 4c8b d748 | 333e 48f7 | c7fc ffff | ff74 2740 | f6c7 0275 | 2148 f706 
  0x00007fe528918d0c: feff ffff | 7415 498b | fa48 333e | 48f7 c7fc | ffff ff74 | 0948 830e | 02eb 0348 | 893e 4881 
  0x00007fe528918d2c: c4a0 0100 

  0x00007fe528918d30: ;   {poll_return}
  0x00007fe528918d30: 005d 493b | a748 0400 | 000f 87d1 | 1800 00c3 | 488b 8c24 | b800 0000 | 488b 9424 | c000 0000 
  0x00007fe528918d50: 8b7e 1848 | c1e7 0348 | 89bc 24d8 | 0000 0083 | 790c 000f | 86c7 1800 | 008b 5910 | 48c1 e303 
  0x00007fe528918d70: 4889 9c24 | d000 0000 | 8379 0c01 | 0f86 c018 | 0000 8b41 | 1448 c1e0 | 0348 8984 | 24e0 0000 
  0x00007fe528918d90: 0083 790c | 020f 86b9 | 1800 0044 | 8b41 1849 | c1e0 034c | 8984 24e8 

  0x00007fe528918da8: ;   {metadata(method data for {method} {0x00007fe4c73cac00} 'invokeImpl' '(Ljava/lang/Object;[Ljava/lang/Object;)Ljava/lang/Object;' in 'jdk/internal/reflect/DirectMethodHandleAccessor')}
  0x00007fe528918da8: 0000 0049 | b918 77b1 | c3e4 7f00 | 004d 8d89 | 4003 0000 | 4885 d275 | 0f41 f641 | 0801 7554 
  0x00007fe528918dc8: f049 8349 | 0801 eb4c | 448b 5a08 | 49ba 0000 | 00c7 e47f | 0000 4d03 | da4d 8bd3 | 4d33 5908 
  0x00007fe528918de8: 49f7 c3fc | ffff ff74 | 2b41 f6c3 | 0275 2549 | f741 08fe | ffff ff74 | 174d 8bda | 4d33 5908 
  0x00007fe528918e08: 49f7 c3fc | ffff ff74 | 0b49 8349 | 0802 eb04 | 4d89 5908 

  0x00007fe528918e1c: ;   {metadata(method data for {method} {0x00007fe4c35942b0} 'invokeExact_MT' '(Ljava/lang/Object;Ljava/lang/Object;Ljava/lang/Object;Ljava/lang/Object;Ljava/lang/Object;Ljava/lang/Object;)Ljava/lang/Object;' in 'java/lang/invoke/LambdaForm$MH+0x00007fe4c8094000')}
  0x00007fe528918e1c: 49b9 0040 | 64c3 e47f | 0000 4d8d | 89f0 0200 | 0048 85ff | 750d 41f6 | 0101 7531 | f049 8309 
  0x00007fe528918e3c: 01eb 2a44 | 8b5f 0849 | ba00 0000 | c7e4 7f00 | 004d 03da | 4d8b d34d | 3319 49f7 | c3fc ffff 
  0x00007fe528918e5c: ff74 0a41 | f6c3 0275 | 0449 8309 | 0248 85d2 | 750f 41f6 | 4110 0175 | 34f0 4983 | 4910 01eb 
  0x00007fe528918e7c: 2c44 8b5a | 0849 ba00 | 0000 c7e4 | 7f00 004d | 03da 4d8b | d34d 3359 | 1049 f7c3 | fcff ffff 
  0x00007fe528918e9c: 740b 41f6 | c302 7505 | 4983 4910 

  0x00007fe528918ea8: ;   {metadata(method data for {method} {0x00007fe4c73cac00} 'invokeImpl' '(Ljava/lang/Object;[Ljava/lang/Object;)Ljava/lang/Object;' in 'jdk/internal/reflect/DirectMethodHandleAccessor')}
  0x00007fe528918ea8: 0249 b918 | 77b1 c3e4 | 7f00 0049 | 8381 0803 

  0x00007fe528918eb8: ;   {metadata(method data for {method} {0x00007fe4c35942b0} 'invokeExact_MT' '(Ljava/lang/Object;Ljava/lang/Object;Ljava/lang/Object;Ljava/lang/Object;Ljava/lang/Object;Ljava/lang/Object;)Ljava/lang/Object;' in 'java/lang/invoke/LambdaForm$MH+0x00007fe4c8094000')}
  0x00007fe528918eb8: 0000 0149 | b900 4064 | c3e4 7f00 | 0045 8b99 | f400 0000 | 4183 c302 | 4589 99f4 | 0000 0041 
  0x00007fe528918ed8: 81e3 feff | 1f00 4585 | db0f 847f 

  0x00007fe528918ee4: ;   {metadata(method data for {method} {0x00007fe4c35942b0} 'invokeExact_MT' '(Ljava/lang/Object;Ljava/lang/Object;Ljava/lang/Object;Ljava/lang/Object;Ljava/lang/Object;Ljava/lang/Object;)Ljava/lang/Object;' in 'java/lang/invoke/LambdaForm$MH+0x00007fe4c8094000')}
  0x00007fe528918ee4: 1700 0049 | b900 4064 | c3e4 7f00 | 004d 8d89 | b801 0000 | 4885 ff75 | 0f41 f641 | 0801 7534 
  0x00007fe528918f04: f049 8349 | 0801 eb2c | 448b 5f08 | 49ba 0000 | 00c7 e47f | 0000 4d03 | da4d 8bd3 | 4d33 5908 
  0x00007fe528918f24: 49f7 c3fc | ffff ff74 | 0b41 f6c3 | 0275 0549 | 8349 0802 

  0x00007fe528918f38: ;   {oop(a 'java/lang/invoke/MethodType'{0x0000000707f11128} = (Ljava/lang/Object;Ljava/lang/Object;Ljava/lang/Object;Ljava/lang/Object;)Ljava/lang/Object;)}
  0x00007fe528918f38: 49bb 2811 | f107 0700 | 0000 4d85 | db75 0d41 | f641 1801 | 7506 f049 | 8349 1801 

  0x00007fe528918f54: ;   {metadata(method data for {method} {0x00007fe4c35942b0} 'invokeExact_MT' '(Ljava/lang/Object;Ljava/lang/Object;Ljava/lang/Object;Ljava/lang/Object;Ljava/lang/Object;Ljava/lang/Object;)Ljava/lang/Object;' in 'java/lang/invoke/LambdaForm$MH+0x00007fe4c8094000')}
  0x00007fe528918f54: 49b9 0040 | 64c3 e47f | 0000 4983 | 81a8 0100 

  0x00007fe528918f64: ;   {metadata(method data for {method} {0x00007fe4c73de730} 'checkExactType' '(Ljava/lang/invoke/MethodHandle;Ljava/lang/invoke/MethodType;)V' in 'java/lang/invoke/Invokers')}
  0x00007fe528918f64: 0001 49b9 | 0069 1bc3 | e47f 0000 | 458b a9f4 | 0000 0041 | 83c5 0245 | 89a9 f400 | 0000 4181 
  0x00007fe528918f84: e5fe ff1f | 0045 85ed | 0f84 f516 | 0000 483b | 074c 8bcf 

  0x00007fe528918f98: ;   {metadata(method data for {method} {0x00007fe4c73de730} 'checkExactType' '(Ljava/lang/invoke/MethodHandle;Ljava/lang/invoke/MethodType;)V' in 'java/lang/invoke/Invokers')}
  0x00007fe528918f98: 49bd 0069 | 1bc3 e47f | 0000 458b | 4908 49ba | 0000 00c7 | e47f 0000 | 4d03 ca4d | 3b8d 4801 
  0x00007fe528918fb8: 0000 750d | 4983 8550 | 0100 0001 | e960 0000 | 004d 3b8d | 5801 0000 | 750d 4983 | 8560 0100 
  0x00007fe528918fd8: 0001 e94a | 0000 0049 | 83bd 4801 | 0000 0075 | 174d 898d | 4801 0000 | 49c7 8550 | 0100 0001 
  0x00007fe528918ff8: 0000 00e9 | 2900 0000 | 4983 bd58 | 0100 0000 | 7517 4d89 | 8d58 0100 | 0049 c785 | 6001 0000 
  0x00007fe528919018: 0100 0000 | e908 0000 | 0049 8385 | 3801 0000 | 0144 8b4f | 1049 c1e1 | 034d 3bcb 

  0x00007fe528919034: ;   {metadata(method data for {method} {0x00007fe4c73de730} 'checkExactType' '(Ljava/lang/invoke/MethodHandle;Ljava/lang/invoke/MethodType;)V' in 'java/lang/invoke/Invokers')}
  0x00007fe528919034: 49bb 0069 | 1bc3 e47f | 0000 49c7 | c580 0100 | 0075 0749 | c7c5 7001 | 0000 4f8b | 342b 4d8d 
  0x00007fe528919054: 7601 4f89 | 342b 0f85 | 5f0e 0000 

  0x00007fe528919060: ;   {metadata(method data for {method} {0x00007fe4c35942b0} 'invokeExact_MT' '(Ljava/lang/Object;Ljava/lang/Object;Ljava/lang/Object;Ljava/lang/Object;Ljava/lang/Object;Ljava/lang/Object;)Ljava/lang/Object;' in 'java/lang/invoke/LambdaForm$MH+0x00007fe4c8094000')}
  0x00007fe528919060: 49b9 0040 | 64c3 e47f | 0000 4d8d | 89f0 0100 | 0044 8b5f | 0849 ba00 | 0000 c7e4 | 7f00 004d 
  0x00007fe528919080: 03da 4d8b | d34d 3359 | 0849 f7c3 | fcff ffff | 740b 41f6 | c302 7505 | 4983 4908 

  0x00007fe52891909c: ;   {metadata(method data for {method} {0x00007fe4c35942b0} 'invokeExact_MT' '(Ljava/lang/Object;Ljava/lang/Object;Ljava/lang/Object;Ljava/lang/Object;Ljava/lang/Object;Ljava/lang/Object;)Ljava/lang/Object;' in 'java/lang/invoke/LambdaForm$MH+0x00007fe4c8094000')}
  0x00007fe52891909c: 0249 b900 | 4064 c3e4 | 7f00 0049 | 8381 e001 

  0x00007fe5289190ac: ;   {metadata(method data for {method} {0x00007fe4c73de628} 'checkCustomized' '(Ljava/lang/invoke/MethodHandle;)V' in 'java/lang/invoke/Invokers')}
  0x00007fe5289190ac: 0000 0149 | b9e8 6a1b | c3e4 7f00 | 0045 8b99 | f400 0000 | 4183 c302 | 4589 99f4 | 0000 0041 
  0x00007fe5289190cc: 81e3 feff | 1f00 4585 | db0f 84d2 

  0x00007fe5289190d8: ;   {metadata(method data for {method} {0x00007fe4c73de628} 'checkCustomized' '(Ljava/lang/invoke/MethodHandle;)V' in 'java/lang/invoke/Invokers')}
  0x00007fe5289190d8: 1500 0049 | b9e8 6a1b | c3e4 7f00 | 0049 8381 | 3801 0000 

  0x00007fe5289190ec: ;   {metadata(method data for {method} {0x00007fe4c7096af8} 'isCompileConstant' '(Ljava/lang/Object;)Z' in 'java/lang/invoke/MethodHandleImpl')}
  0x00007fe5289190ec: 0149 b9c0 | 6c1b c3e4 | 7f00 0045 | 8b99 f400 | 0000 4183 | c302 4589 | 99f4 0000 | 0041 81e3 
  0x00007fe52891910c: feff 1f00 | 4585 db0f | 84b5 1500 

  0x00007fe528919118: ;   {metadata(method data for {method} {0x00007fe4c73de628} 'checkCustomized' '(Ljava/lang/invoke/MethodHandle;)V' in 'java/lang/invoke/Invokers')}
  0x00007fe528919118: 0049 b9e8 | 6a1b c3e4 | 7f00 0041 | ff81 4801 | 0000 448b | 4f14 49c1 | e103 458b | 491c 49c1 
  0x00007fe528919138: e103 4d85 

  0x00007fe52891913c: ;   {metadata(method data for {method} {0x00007fe4c73de628} 'checkCustomized' '(Ljava/lang/invoke/MethodHandle;)V' in 'java/lang/invoke/Invokers')}
  0x00007fe52891913c: c949 b9e8 | 6a1b c3e4 | 7f00 0049 | c7c3 6801 | 0000 7507 | 49c7 c378 | 0100 004f | 8b2c 194d 
  0x00007fe52891915c: 8d6d 014f | 892c 190f | 8523 0000 

  0x00007fe528919168: ;   {metadata(method data for {method} {0x00007fe4c73de628} 'checkCustomized' '(Ljava/lang/invoke/MethodHandle;)V' in 'java/lang/invoke/Invokers')}
  0x00007fe528919168: 0049 b9e8 | 6a1b c3e4 | 7f00 0049 | 8381 8801 | 0000 0148 

  0x00007fe52891917c: ;   {static_call}
  0x00007fe52891917c: 8bf7 90e8 

  0x00007fe528919180: ; ImmutableOopMap {[176]=Oop [184]=Oop [192]=Oop [208]=Oop [216]=Oop [224]=Oop [232]=Oop }
                      ;*invokestatic maybeCustomize {reexecute=0 rethrow=0 return_oop=0}
                      ; - java.lang.invoke.Invokers::checkCustomized@19 (line 627)
                      ; - java.lang.invoke.LambdaForm$MH/0x00007fe4c8094000::invokeExact_MT@15
                      ; - jdk.internal.reflect.DirectMethodHandleAccessor::invokeImpl@92 (line 156)
                      ; - jdk.internal.reflect.DirectMethodHandleAccessor::invoke@23 (line 103)
  0x00007fe528919180: fc47 f906 

  0x00007fe528919184: ;   {other}
  0x00007fe528919184: 0f1f 8400 | 7410 0004 | 488b 9c24 | d000 0000 | 488b 9424 | c000 0000 

  0x00007fe52891919c: ;   {metadata(method data for {method} {0x00007fe4c35942b0} 'invokeExact_MT' '(Ljava/lang/Object;Ljava/lang/Object;Ljava/lang/Object;Ljava/lang/Object;Ljava/lang/Object;Ljava/lang/Object;)Ljava/lang/Object;' in 'java/lang/invoke/LambdaForm$MH+0x00007fe4c8094000')}
  0x00007fe52891919c: 48b9 0040 | 64c3 e47f | 0000 488d | 8940 0200 | 0048 85d2 | 750e f641 | 0801 7534 | f048 8349 
  0x00007fe5289191bc: 0801 eb2c | 448b 4208 | 49ba 0000 | 00c7 e47f | 0000 4d03 | c24d 8bd0 | 4c33 4108 | 49f7 c0fc 
  0x00007fe5289191dc: ffff ff74 | 0b41 f6c0 | 0275 0548 | 8349 0802 | 4885 db75 | 0ef6 4118 | 0175 34f0 | 4883 4918 
  0x00007fe5289191fc: 01eb 2c44 | 8b43 0849 | ba00 0000 | c7e4 7f00 | 004d 03c2 | 4d8b d04c | 3341 1849 | f7c0 fcff 
  0x00007fe52891921c: ffff 740b | 41f6 c002 | 7505 4883 | 4918 0248 | 8bbc 24d8 

  0x00007fe528919230: ;   {metadata(method data for {method} {0x00007fe4c35942b0} 'invokeExact_MT' '(Ljava/lang/Object;Ljava/lang/Object;Ljava/lang/Object;Ljava/lang/Object;Ljava/lang/Object;Ljava/lang/Object;)Ljava/lang/Object;' in 'java/lang/invoke/LambdaForm$MH+0x00007fe4c8094000')}
  0x00007fe528919230: 0000 0048 | b900 4064 | c3e4 7f00 | 0048 8381 | 0802 0000 | 0148 8bfa | 488b d748 | 8bcb 4c8b 
  0x00007fe528919250: 8424 e000 | 0000 4c8b | 8c24 e800 | 0000 488b | b424 d800 

  0x00007fe528919264: ;   {optimized virtual_call}
  0x00007fe528919264: 0000 90e8 

  0x00007fe528919268: ; ImmutableOopMap {[176]=Oop [184]=Oop [192]=Oop [208]=Oop [216]=Oop [224]=Oop [232]=Oop }
                      ;*invokevirtual invokeBasic {reexecute=0 rethrow=0 return_oop=0}
                      ; - java.lang.invoke.LambdaForm$MH/0x00007fe4c8094000::invokeExact_MT@24
                      ; - jdk.internal.reflect.DirectMethodHandleAccessor::invokeImpl@92 (line 156)
                      ; - jdk.internal.reflect.DirectMethodHandleAccessor::invoke@23 (line 103)
  0x00007fe528919268: 1441 f906 

  0x00007fe52891926c: ;   {other}
  0x00007fe52891926c: 0f1f 8400 | 5c11 0005 

  0x00007fe528919274: ;   {metadata(method data for {method} {0x00007fe4c35942b0} 'invokeExact_MT' '(Ljava/lang/Object;Ljava/lang/Object;Ljava/lang/Object;Ljava/lang/Object;Ljava/lang/Object;Ljava/lang/Object;)Ljava/lang/Object;' in 'java/lang/invoke/LambdaForm$MH+0x00007fe4c8094000')}
  0x00007fe528919274: 48be 0040 | 64c3 e47f | 0000 488d | b660 0200 | 0048 85c0 | 750c f606 | 0175 30f0 | 4883 0e01 
  0x00007fe528919294: eb29 8b78 | 0849 ba00 | 0000 c7e4 | 7f00 0049 | 03fa 4c8b | d748 333e | 48f7 c7fc | ffff ff74 
  0x00007fe5289192b4: 0a40 f6c7 | 0275 0448 

  0x00007fe5289192bc: ;   {metadata(method data for {method} {0x00007fe4c73cac00} 'invokeImpl' '(Ljava/lang/Object;[Ljava/lang/Object;)Ljava/lang/Object;' in 'jdk/internal/reflect/DirectMethodHandleAccessor')}
  0x00007fe5289192bc: 830e 0248 | be18 77b1 | c3e4 7f00 | 0048 8db6 | 6003 0000 | 4885 c075 | 0cf6 0601 | 754d f048 
  0x00007fe5289192dc: 830e 01eb | 468b 7808 | 49ba 0000 | 00c7 e47f | 0000 4903 | fa4c 8bd7 | 4833 3e48 | f7c7 fcff 
  0x00007fe5289192fc: ffff 7427 | 40f6 c702 | 7521 48f7 | 06fe ffff | ff74 1549 | 8bfa 4833 | 3e48 f7c7 | fcff ffff 
  0x00007fe52891931c: 7409 4883 | 0e02 eb03 

  0x00007fe528919324: ;   {metadata(method data for {method} {0x00007fe4c73cac00} 'invokeImpl' '(Ljava/lang/Object;[Ljava/lang/Object;)Ljava/lang/Object;' in 'jdk/internal/reflect/DirectMethodHandleAccessor')}
  0x00007fe528919324: 4889 3e48 | be18 77b1 | c3e4 7f00 | 00ff 8670 | 0300 0048 | 81c4 a001 

  0x00007fe52891933c: ;   {poll_return}
  0x00007fe52891933c: 0000 5d49 | 3ba7 4804 | 0000 0f87 | a813 0000 | c348 8b8c | 24b8 0000 | 0048 8b94 | 24c0 0000 
  0x00007fe52891935c: 008b 7e18 | 48c1 e703 | 4889 bc24 | f800 0000 

  0x00007fe52891936c: ; implicit exception: dispatches to 0x00007fe52891a70a
  0x00007fe52891936c: 8379 0c00 | 0f86 9e13 | 0000 8b59 | 1048 c1e3 | 0348 899c | 24f0 0000 | 0083 790c | 010f 8697 
  0x00007fe52891938c: 1300 008b | 4114 48c1 | e003 4889 | 8424 0001 

  0x00007fe52891939c: ;   {metadata(method data for {method} {0x00007fe4c73cac00} 'invokeImpl' '(Ljava/lang/Object;[Ljava/lang/Object;)Ljava/lang/Object;' in 'jdk/internal/reflect/DirectMethodHandleAccessor')}
  0x00007fe52891939c: 0000 49b8 | 1877 b1c3 | e47f 0000 | 4d8d 80c0 | 0200 0048 | 85d2 7502 | eb2c 448b | 4a08 49ba 
  0x00007fe5289193bc: 0000 00c7 | e47f 0000 | 4d03 ca4d | 8bd1 4d33 | 4808 49f7 | c1fc ffff | ff74 0b41 | f6c1 0275 
  0x00007fe5289193dc: 0549 8348 

  0x00007fe5289193e0: ;   {metadata(method data for {method} {0x00007fe4c367a2b0} 'invokeExact_MT' '(Ljava/lang/Object;Ljava/lang/Object;Ljava/lang/Object;Ljava/lang/Object;Ljava/lang/Object;)Ljava/lang/Object;' in 'java/lang/invoke/LambdaForm$MH+0x00007fe4c80ca000')}
  0x00007fe5289193e0: 0802 49b8 | 0040 aac3 | e47f 0000 | 4d8d 80e8 | 0200 0048 | 85ff 750b | 41f6 0001 | 7505 f049 
  0x00007fe528919400: ;   {metadata(method data for {method} {0x00007fe4c73cac00} 'invokeImpl' '(Ljava/lang/Object;[Ljava/lang/Object;)Ljava/lang/Object;' in 'jdk/internal/reflect/DirectMethodHandleAccessor')}
  0x00007fe528919400: 8308 0149 | b818 77b1 | c3e4 7f00 | 0049 8380 | 8802 0000 

  0x00007fe528919414: ;   {metadata(method data for {method} {0x00007fe4c367a2b0} 'invokeExact_MT' '(Ljava/lang/Object;Ljava/lang/Object;Ljava/lang/Object;Ljava/lang/Object;Ljava/lang/Object;)Ljava/lang/Object;' in 'java/lang/invoke/LambdaForm$MH+0x00007fe4c80ca000')}
  0x00007fe528919414: 0149 b800 | 40aa c3e4 | 7f00 0045 | 8b88 f400 | 0000 4183 | c102 4589 | 88f4 0000 | 0041 81e1 
  0x00007fe528919434: feff 1f00 | 4585 c90f | 84f7 1200 

  0x00007fe528919440: ;   {metadata(method data for {method} {0x00007fe4c367a2b0} 'invokeExact_MT' '(Ljava/lang/Object;Ljava/lang/Object;Ljava/lang/Object;Ljava/lang/Object;Ljava/lang/Object;)Ljava/lang/Object;' in 'java/lang/invoke/LambdaForm$MH+0x00007fe4c80ca000')}
  0x00007fe528919440: 0049 b800 | 40aa c3e4 | 7f00 004d | 8d80 b801 | 0000 4885 | ff75 0d41 | f640 0801 | 7506 f049 
  0x00007fe528919460: 8348 0801 

  0x00007fe528919464: ;   {oop(a 'java/lang/invoke/MethodType'{0x0000000707f11100} = (Ljava/lang/Object;Ljava/lang/Object;Ljava/lang/Object;)Ljava/lang/Object;)}
  0x00007fe528919464: 49b9 0011 | f107 0700 | 0000 4d85 | c975 0d41 | f640 1801 | 7506 f049 | 8348 1801 

  0x00007fe528919480: ;   {metadata(method data for {method} {0x00007fe4c367a2b0} 'invokeExact_MT' '(Ljava/lang/Object;Ljava/lang/Object;Ljava/lang/Object;Ljava/lang/Object;Ljava/lang/Object;)Ljava/lang/Object;' in 'java/lang/invoke/LambdaForm$MH+0x00007fe4c80ca000')}
  0x00007fe528919480: 49b8 0040 | aac3 e47f | 0000 4983 | 80a8 0100 

  0x00007fe528919490: ;   {metadata(method data for {method} {0x00007fe4c73de730} 'checkExactType' '(Ljava/lang/invoke/MethodHandle;Ljava/lang/invoke/MethodType;)V' in 'java/lang/invoke/Invokers')}
  0x00007fe528919490: 0001 49b8 | 0069 1bc3 | e47f 0000 | 458b 98f4 | 0000 0041 | 83c3 0245 | 8998 f400 | 0000 4181 
  0x00007fe5289194b0: e3fe ff1f | 0045 85db | 0f84 9b12 | 0000 483b | 074c 8bc7 

  0x00007fe5289194c4: ;   {metadata(method data for {method} {0x00007fe4c73de730} 'checkExactType' '(Ljava/lang/invoke/MethodHandle;Ljava/lang/invoke/MethodType;)V' in 'java/lang/invoke/Invokers')}
  0x00007fe5289194c4: 49bb 0069 | 1bc3 e47f | 0000 458b | 4008 49ba | 0000 00c7 | e47f 0000 | 4d03 c24d | 3b83 4801 
  0x00007fe5289194e4: 0000 750d | 4983 8350 | 0100 0001 | e960 0000 | 004d 3b83 | 5801 0000 | 750d 4983 | 8360 0100 
  0x00007fe528919504: 0001 e94a | 0000 0049 | 83bb 4801 | 0000 0075 | 174d 8983 | 4801 0000 | 49c7 8350 | 0100 0001 
  0x00007fe528919524: 0000 00e9 | 2900 0000 | 4983 bb58 | 0100 0000 | 7517 4d89 | 8358 0100 | 0049 c783 | 6001 0000 
  0x00007fe528919544: 0100 0000 | e908 0000 | 0049 8383 | 3801 0000 | 0144 8b47 | 1049 c1e0 | 034d 3bc1 

  0x00007fe528919560: ;   {metadata(method data for {method} {0x00007fe4c73de730} 'checkExactType' '(Ljava/lang/invoke/MethodHandle;Ljava/lang/invoke/MethodType;)V' in 'java/lang/invoke/Invokers')}
  0x00007fe528919560: 49b9 0069 | 1bc3 e47f | 0000 49c7 | c380 0100 | 0075 0749 | c7c3 7001 | 0000 4f8b | 2c19 4d8d 
  0x00007fe528919580: 6d01 4f89 | 2c19 0f85 | eb08 0000 

  0x00007fe52891958c: ;   {metadata(method data for {method} {0x00007fe4c367a2b0} 'invokeExact_MT' '(Ljava/lang/Object;Ljava/lang/Object;Ljava/lang/Object;Ljava/lang/Object;Ljava/lang/Object;)Ljava/lang/Object;' in 'java/lang/invoke/LambdaForm$MH+0x00007fe4c80ca000')}
  0x00007fe52891958c: 49b8 0040 | aac3 e47f | 0000 4983 | 80e0 0100 

  0x00007fe52891959c: ;   {metadata(method data for {method} {0x00007fe4c73de628} 'checkCustomized' '(Ljava/lang/invoke/MethodHandle;)V' in 'java/lang/invoke/Invokers')}
  0x00007fe52891959c: 0001 49b8 | e86a 1bc3 | e47f 0000 | 458b 88f4 | 0000 0041 | 83c1 0245 | 8988 f400 | 0000 4181 
  0x00007fe5289195bc: e1fe ff1f | 0045 85c9 | 0f84 b511 

  0x00007fe5289195c8: ;   {metadata(method data for {method} {0x00007fe4c73de628} 'checkCustomized' '(Ljava/lang/invoke/MethodHandle;)V' in 'java/lang/invoke/Invokers')}
  0x00007fe5289195c8: 0000 49b8 | e86a 1bc3 | e47f 0000 | 4983 8038 | 0100 0001 

  0x00007fe5289195dc: ;   {metadata(method data for {method} {0x00007fe4c7096af8} 'isCompileConstant' '(Ljava/lang/Object;)Z' in 'java/lang/invoke/MethodHandleImpl')}
  0x00007fe5289195dc: 49b8 c06c | 1bc3 e47f | 0000 458b | 88f4 0000 | 0041 83c1 | 0245 8988 | f400 0000 | 4181 e1fe 
  0x00007fe5289195fc: ff1f 0045 | 85c9 0f84 | 9811 0000 

  0x00007fe528919608: ;   {metadata(method data for {method} {0x00007fe4c73de628} 'checkCustomized' '(Ljava/lang/invoke/MethodHandle;)V' in 'java/lang/invoke/Invokers')}
  0x00007fe528919608: 49b8 e86a | 1bc3 e47f | 0000 41ff | 8048 0100 | 0044 8b47 | 1449 c1e0 | 0345 8b40 | 1c49 c1e0 
  0x00007fe528919628: 034d 85c0 

  0x00007fe52891962c: ;   {metadata(method data for {method} {0x00007fe4c73de628} 'checkCustomized' '(Ljava/lang/invoke/MethodHandle;)V' in 'java/lang/invoke/Invokers')}
  0x00007fe52891962c: 49b8 e86a | 1bc3 e47f | 0000 49c7 | c168 0100 | 0075 0749 | c7c1 7801 | 0000 4f8b | 1c08 4d8d 
  0x00007fe52891964c: 5b01 4f89 | 1c08 0f85 | 2400 0000 

  0x00007fe528919658: ;   {metadata(method data for {method} {0x00007fe4c73de628} 'checkCustomized' '(Ljava/lang/invoke/MethodHandle;)V' in 'java/lang/invoke/Invokers')}
  0x00007fe528919658: 49b8 e86a | 1bc3 e47f | 0000 4983 | 8088 0100 | 0001 488b 

  0x00007fe52891966c: ;   {static_call}
  0x00007fe52891966c: f766 90e8 

  0x00007fe528919670: ; ImmutableOopMap {[176]=Oop [184]=Oop [192]=Oop [240]=Oop [248]=Oop [256]=Oop }
                      ;*invokestatic maybeCustomize {reexecute=0 rethrow=0 return_oop=0}
                      ; - java.lang.invoke.Invokers::checkCustomized@19 (line 627)
                      ; - java.lang.invoke.LambdaForm$MH/0x00007fe4c80ca000::invokeExact_MT@15
                      ; - jdk.internal.reflect.DirectMethodHandleAccessor::invokeImpl@72 (line 155)
                      ; - jdk.internal.reflect.DirectMethodHandleAccessor::invoke@23 (line 103)
  0x00007fe528919670: 0c43 f906 

  0x00007fe528919674: ;   {other}
  0x00007fe528919674: 0f1f 8400 | 6415 0006 | 488b 9c24 | f000 0000 

  0x00007fe528919684: ;   {metadata(method data for {method} {0x00007fe4c367a2b0} 'invokeExact_MT' '(Ljava/lang/Object;Ljava/lang/Object;Ljava/lang/Object;Ljava/lang/Object;Ljava/lang/Object;)Ljava/lang/Object;' in 'java/lang/invoke/LambdaForm$MH+0x00007fe4c80ca000')}
  0x00007fe528919684: 48ba 0040 | aac3 e47f | 0000 488d | 9240 0200 | 0048 85db | 750c f642 | 1801 7506 | f048 834a 
  0x00007fe5289196a4: 1801 488b | bc24 f800 

  0x00007fe5289196ac: ;   {metadata(method data for {method} {0x00007fe4c367a2b0} 'invokeExact_MT' '(Ljava/lang/Object;Ljava/lang/Object;Ljava/lang/Object;Ljava/lang/Object;Ljava/lang/Object;)Ljava/lang/Object;' in 'java/lang/invoke/LambdaForm$MH+0x00007fe4c80ca000')}
  0x00007fe5289196ac: 0000 48ba | 0040 aac3 | e47f 0000 | 4883 8208 | 0200 0001 | 488b 9424 | c000 0000 | 488b cb4c 
  0x00007fe5289196cc: 8b84 2400 | 0100 0048 | 8bb4 24f8 | 0000 000f 

  0x00007fe5289196dc: ;   {optimized virtual_call}
  0x00007fe5289196dc: 1f40 00e8 

  0x00007fe5289196e0: ; ImmutableOopMap {[176]=Oop [184]=Oop [192]=Oop [240]=Oop [248]=Oop [256]=Oop }
                      ;*invokevirtual invokeBasic {reexecute=0 rethrow=0 return_oop=0}
                      ; - java.lang.invoke.LambdaForm$MH/0x00007fe4c80ca000::invokeExact_MT@22
                      ; - jdk.internal.reflect.DirectMethodHandleAccessor::invokeImpl@72 (line 155)
                      ; - jdk.internal.reflect.DirectMethodHandleAccessor::invoke@23 (line 103)
  0x00007fe5289196e0: 9c3c f906 

  0x00007fe5289196e4: ;   {other}
  0x00007fe5289196e4: 0f1f 8400 | d415 0007 

  0x00007fe5289196ec: ;   {metadata(method data for {method} {0x00007fe4c73cac00} 'invokeImpl' '(Ljava/lang/Object;[Ljava/lang/Object;)Ljava/lang/Object;' in 'jdk/internal/reflect/DirectMethodHandleAccessor')}
  0x00007fe5289196ec: 48be 1877 | b1c3 e47f | 0000 488d | b6e0 0200 | 0048 85c0 | 750a f606 | 0175 05f0 | 4883 0e01 
  0x00007fe52891970c: ;   {metadata(method data for {method} {0x00007fe4c73cac00} 'invokeImpl' '(Ljava/lang/Object;[Ljava/lang/Object;)Ljava/lang/Object;' in 'jdk/internal/reflect/DirectMethodHandleAccessor')}
  0x00007fe52891970c: 48be 1877 | b1c3 e47f | 0000 ff86 | f002 0000 | 4881 c4a0 | 0100 005d 

  0x00007fe528919724: ;   {poll_return}
  0x00007fe528919724: 493b a748 | 0400 000f | 8795 1000 | 00c3 488b | 8c24 b800 | 0000 488b | 9424 c000 | 0000 8b7e 
  0x00007fe528919744: 1848 c1e7 | 0348 89bc | 2410 0100 | 0083 790c | 000f 868b | 1000 008b | 5910 48c1 | e303 4889 
  0x00007fe528919764: 9c24 0801 

  0x00007fe528919768: ;   {metadata(method data for {method} {0x00007fe4c73cac00} 'invokeImpl' '(Ljava/lang/Object;[Ljava/lang/Object;)Ljava/lang/Object;' in 'jdk/internal/reflect/DirectMethodHandleAccessor')}
  0x00007fe528919768: 0000 48b8 | 1877 b1c3 | e47f 0000 | 488d 8040 | 0200 0048 | 85d2 750c | f640 0801 | 7506 f048 
  0x00007fe528919788: 8348 0801 

  0x00007fe52891978c: ;   {metadata(method data for {method} {0x00007fe4c70b0908} 'invokeExact_MT' '(Ljava/lang/Object;Ljava/lang/Object;Ljava/lang/Object;Ljava/lang/Object;)Ljava/lang/Object;' in 'java/lang/invoke/Invokers$Holder')}
  0x00007fe52891978c: 48b8 787d | b1c3 e47f | 0000 488d | 80e0 0200 | 0048 85ff | 750a f600 | 0175 05f0 | 4883 0801 
  0x00007fe5289197ac: 4885 d275 | 0cf6 4010 | 0175 06f0 | 4883 4810 

  0x00007fe5289197bc: ;   {metadata(method data for {method} {0x00007fe4c73cac00} 'invokeImpl' '(Ljava/lang/Object;[Ljava/lang/Object;)Ljava/lang/Object;' in 'jdk/internal/reflect/DirectMethodHandleAccessor')}
  0x00007fe5289197bc: 0148 b818 | 77b1 c3e4 | 7f00 0048 | 8380 0802 

  0x00007fe5289197cc: ;   {metadata(method data for {method} {0x00007fe4c70b0908} 'invokeExact_MT' '(Ljava/lang/Object;Ljava/lang/Object;Ljava/lang/Object;Ljava/lang/Object;)Ljava/lang/Object;' in 'java/lang/invoke/Invokers$Holder')}
  0x00007fe5289197cc: 0000 0148 | b878 7db1 | c3e4 7f00 | 0044 8b80 | f400 0000 | 4183 c002 | 4489 80f4 | 0000 0041 
  0x00007fe5289197ec: 81e0 feff | 1f00 4585 | c00f 84fd 

  0x00007fe5289197f8: ;   {metadata(method data for {method} {0x00007fe4c70b0908} 'invokeExact_MT' '(Ljava/lang/Object;Ljava/lang/Object;Ljava/lang/Object;Ljava/lang/Object;)Ljava/lang/Object;' in 'java/lang/invoke/Invokers$Holder')}
  0x00007fe5289197f8: 0f00 0048 | b878 7db1 | c3e4 7f00 | 0048 8d80 | b801 0000 | 4885 ff75 | 0cf6 4008 | 0175 06f0 
  0x00007fe528919818: 4883 4808 

  0x00007fe52891981c: ;   {oop(a 'java/lang/invoke/MethodType'{0x0000000707f10648} = (Ljava/lang/Object;Ljava/lang/Object;)Ljava/lang/Object;)}
  0x00007fe52891981c: 0149 b848 | 06f1 0707 | 0000 004d | 85c0 750c | f640 1801 | 7506 f048 | 8348 1801 

  0x00007fe528919838: ;   {metadata(method data for {method} {0x00007fe4c70b0908} 'invokeExact_MT' '(Ljava/lang/Object;Ljava/lang/Object;Ljava/lang/Object;Ljava/lang/Object;)Ljava/lang/Object;' in 'java/lang/invoke/Invokers$Holder')}
  0x00007fe528919838: 48b8 787d | b1c3 e47f | 0000 4883 | 80a8 0100 

  0x00007fe528919848: ;   {metadata(method data for {method} {0x00007fe4c73de730} 'checkExactType' '(Ljava/lang/invoke/MethodHandle;Ljava/lang/invoke/MethodType;)V' in 'java/lang/invoke/Invokers')}
  0x00007fe528919848: 0001 48b8 | 0069 1bc3 | e47f 0000 | 448b 88f4 | 0000 0041 | 83c1 0244 | 8988 f400 | 0000 4181 
  0x00007fe528919868: e1fe ff1f | 0045 85c9 | 0f84 a30f | 0000 483b | 0748 8bc7 

  0x00007fe52891987c: ;   {metadata(method data for {method} {0x00007fe4c73de730} 'checkExactType' '(Ljava/lang/invoke/MethodHandle;Ljava/lang/invoke/MethodType;)V' in 'java/lang/invoke/Invokers')}
  0x00007fe52891987c: 49b9 0069 | 1bc3 e47f | 0000 8b40 | 0849 ba00 | 0000 c7e4 | 7f00 0049 | 03c2 493b | 8148 0100 
  0x00007fe52891989c: 0075 0d49 | 8381 5001 | 0000 01e9 | 6000 0000 | 493b 8158 | 0100 0075 | 0d49 8381 | 6001 0000 
  0x00007fe5289198bc: 01e9 4a00 | 0000 4983 | b948 0100 | 0000 7517 | 4989 8148 | 0100 0049 | c781 5001 | 0000 0100 
  0x00007fe5289198dc: 0000 e929 | 0000 0049 | 83b9 5801 | 0000 0075 | 1749 8981 | 5801 0000 | 49c7 8160 | 0100 0001 
  0x00007fe5289198fc: 0000 00e9 | 0800 0000 | 4983 8138 | 0100 0001 | 8b47 1048 | c1e0 0349 

  0x00007fe528919914: ;   {metadata(method data for {method} {0x00007fe4c73de730} 'checkExactType' '(Ljava/lang/invoke/MethodHandle;Ljava/lang/invoke/MethodType;)V' in 'java/lang/invoke/Invokers')}
  0x00007fe528919914: 3bc0 49b8 | 0069 1bc3 | e47f 0000 | 49c7 c180 | 0100 0075 | 0749 c7c1 | 7001 0000 | 4f8b 1c08 
  0x00007fe528919934: 4d8d 5b01 | 4f89 1c08 | 0f85 ed04 

  0x00007fe528919940: ;   {metadata(method data for {method} {0x00007fe4c70b0908} 'invokeExact_MT' '(Ljava/lang/Object;Ljava/lang/Object;Ljava/lang/Object;Ljava/lang/Object;)Ljava/lang/Object;' in 'java/lang/invoke/Invokers$Holder')}
  0x00007fe528919940: 0000 48b8 | 787d b1c3 | e47f 0000 | 4883 80e0 | 0100 0001 

  0x00007fe528919954: ;   {metadata(method data for {method} {0x00007fe4c73de628} 'checkCustomized' '(Ljava/lang/invoke/MethodHandle;)V' in 'java/lang/invoke/Invokers')}
  0x00007fe528919954: 48b8 e86a | 1bc3 e47f | 0000 448b | 80f4 0000 | 0041 83c0 | 0244 8980 | f400 0000 | 4181 e0fe 
  0x00007fe528919974: ff1f 0045 | 85c0 0f84 | bf0e 0000 

  0x00007fe528919980: ;   {metadata(method data for {method} {0x00007fe4c73de628} 'checkCustomized' '(Ljava/lang/invoke/MethodHandle;)V' in 'java/lang/invoke/Invokers')}
  0x00007fe528919980: 48b8 e86a | 1bc3 e47f | 0000 4883 | 8038 0100 

  0x00007fe528919990: ;   {metadata(method data for {method} {0x00007fe4c7096af8} 'isCompileConstant' '(Ljava/lang/Object;)Z' in 'java/lang/invoke/MethodHandleImpl')}
  0x00007fe528919990: 0001 48b8 | c06c 1bc3 | e47f 0000 | 448b 80f4 | 0000 0041 | 83c0 0244 | 8980 f400 | 0000 4181 
  0x00007fe5289199b0: e0fe ff1f | 0045 85c0 | 0f84 a20e 

  0x00007fe5289199bc: ;   {metadata(method data for {method} {0x00007fe4c73de628} 'checkCustomized' '(Ljava/lang/invoke/MethodHandle;)V' in 'java/lang/invoke/Invokers')}
  0x00007fe5289199bc: 0000 48b8 | e86a 1bc3 | e47f 0000 | ff80 4801 | 0000 8b47 | 1448 c1e0 | 038b 401c | 48c1 e003 
  0x00007fe5289199dc: ;   {metadata(method data for {method} {0x00007fe4c73de628} 'checkCustomized' '(Ljava/lang/invoke/MethodHandle;)V' in 'java/lang/invoke/Invokers')}
  0x00007fe5289199dc: 4885 c048 | b8e8 6a1b | c3e4 7f00 | 0049 c7c0 | 6801 0000 | 7507 49c7 | c078 0100 | 004e 8b0c 
  0x00007fe5289199fc: 004d 8d49 | 014e 890c | 000f 8529 

  0x00007fe528919a08: ;   {metadata(method data for {method} {0x00007fe4c73de628} 'checkCustomized' '(Ljava/lang/invoke/MethodHandle;)V' in 'java/lang/invoke/Invokers')}
  0x00007fe528919a08: 0000 0048 | b8e8 6a1b | c3e4 7f00 | 0048 8380 | 8801 0000 | 0148 8bf7 | 0f1f 8000 

  0x00007fe528919a24: ;   {static_call}
  0x00007fe528919a24: 0000 00e8 

  0x00007fe528919a28: ; ImmutableOopMap {[176]=Oop [184]=Oop [192]=Oop [264]=Oop [272]=Oop }
                      ;*invokestatic maybeCustomize {reexecute=0 rethrow=0 return_oop=0}
                      ; - java.lang.invoke.Invokers::checkCustomized@19 (line 627)
                      ; - java.lang.invoke.Invokers$Holder::invokeExact_MT@14
                      ; - jdk.internal.reflect.DirectMethodHandleAccessor::invokeImpl@55 (line 154)
                      ; - jdk.internal.reflect.DirectMethodHandleAccessor::invoke@23 (line 103)
  0x00007fe528919a28: 14e2 c7ff 

  0x00007fe528919a2c: ;   {other}
  0x00007fe528919a2c: 0f1f 8400 | 1c19 0008 | 488b 9c24 | 0801 0000 | 488b 9424 | c000 0000 

  0x00007fe528919a44: ;   {metadata(method data for {method} {0x00007fe4c70b0908} 'invokeExact_MT' '(Ljava/lang/Object;Ljava/lang/Object;Ljava/lang/Object;Ljava/lang/Object;)Ljava/lang/Object;' in 'java/lang/invoke/Invokers$Holder')}
  0x00007fe528919a44: 48b9 787d | b1c3 e47f | 0000 488d | 8940 0200 | 0048 85d2 | 750c f641 | 0801 7506 | f048 8349 
  0x00007fe528919a64: 0801 4885 | db75 0cf6 | 4118 0175 | 06f0 4883 | 4918 0148 | 8bbc 2410 

  0x00007fe528919a7c: ;   {metadata(method data for {method} {0x00007fe4c70b0908} 'invokeExact_MT' '(Ljava/lang/Object;Ljava/lang/Object;Ljava/lang/Object;Ljava/lang/Object;)Ljava/lang/Object;' in 'java/lang/invoke/Invokers$Holder')}
  0x00007fe528919a7c: 0100 0048 | b978 7db1 | c3e4 7f00 | 0048 8381 | 0802 0000 | 0148 8bfa | 488b d748 | 8bcb 488b 
  0x00007fe528919a9c: b424 1001 | 0000 0f1f 

  0x00007fe528919aa4: ;   {optimized virtual_call}
  0x00007fe528919aa4: 4400 00e8 

  0x00007fe528919aa8: ; ImmutableOopMap {[176]=Oop [184]=Oop [192]=Oop [264]=Oop [272]=Oop }
                      ;*invokevirtual invokeBasic {reexecute=0 rethrow=0 return_oop=0}
                      ; - java.lang.invoke.Invokers$Holder::invokeExact_MT@20
                      ; - jdk.internal.reflect.DirectMethodHandleAccessor::invokeImpl@55 (line 154)
                      ; - jdk.internal.reflect.DirectMethodHandleAccessor::invoke@23 (line 103)
  0x00007fe528919aa8: 54f1 6907 

  0x00007fe528919aac: ;   {other}
  0x00007fe528919aac: 0f1f 8400 | 9c19 0009 

  0x00007fe528919ab4: ;   {metadata(method data for {method} {0x00007fe4c73cac00} 'invokeImpl' '(Ljava/lang/Object;[Ljava/lang/Object;)Ljava/lang/Object;' in 'jdk/internal/reflect/DirectMethodHandleAccessor')}
  0x00007fe528919ab4: 48be 1877 | b1c3 e47f | 0000 488d | b660 0200 | 0048 85c0 | 750a f606 | 0175 05f0 | 4883 0e01 
  0x00007fe528919ad4: ;   {metadata(method data for {method} {0x00007fe4c73cac00} 'invokeImpl' '(Ljava/lang/Object;[Ljava/lang/Object;)Ljava/lang/Object;' in 'jdk/internal/reflect/DirectMethodHandleAccessor')}
  0x00007fe528919ad4: 48be 1877 | b1c3 e47f | 0000 ff86 | 7002 0000 | 4881 c4a0 | 0100 005d 

  0x00007fe528919aec: ;   {poll_return}
  0x00007fe528919aec: 493b a748 | 0400 000f | 878d 0d00 | 00c3 8b7e | 1848 c1e7 | 0348 89bc | 2418 0100 

  0x00007fe528919b08: ;   {metadata(method data for {method} {0x00007fe4c70b09b8} 'invokeExact_MT' '(Ljava/lang/Object;Ljava/lang/Object;Ljava/lang/Object;)Ljava/lang/Object;' in 'java/lang/invoke/Invokers$Holder')}
  0x00007fe528919b08: 0048 bb28 | 0f3c c3e4 | 7f00 0048 | 8d9b c802 | 0000 4885 | ff75 0af6 | 0301 7505 | f048 830b 
  0x00007fe528919b28: ;   {metadata(method data for {method} {0x00007fe4c73cac00} 'invokeImpl' '(Ljava/lang/Object;[Ljava/lang/Object;)Ljava/lang/Object;' in 'jdk/internal/reflect/DirectMethodHandleAccessor')}
  0x00007fe528919b28: 0148 bb18 | 77b1 c3e4 | 7f00 0048 | 8383 9801 

  0x00007fe528919b38: ;   {metadata(method data for {method} {0x00007fe4c70b09b8} 'invokeExact_MT' '(Ljava/lang/Object;Ljava/lang/Object;Ljava/lang/Object;)Ljava/lang/Object;' in 'java/lang/invoke/Invokers$Holder')}
  0x00007fe528919b38: 0000 0148 | bb28 0f3c | c3e4 7f00 | 008b 83f4 | 0000 0083 | c002 8983 | f400 0000 | 25fe ff1f 
  0x00007fe528919b58: 0085 c00f | 843b 0d00 

  0x00007fe528919b60: ;   {metadata(method data for {method} {0x00007fe4c70b09b8} 'invokeExact_MT' '(Ljava/lang/Object;Ljava/lang/Object;Ljava/lang/Object;)Ljava/lang/Object;' in 'java/lang/invoke/Invokers$Holder')}
  0x00007fe528919b60: 0048 bb28 | 0f3c c3e4 | 7f00 0048 | 8d9b b801 | 0000 4885 | ff75 0cf6 | 4308 0175 | 06f0 4883 
  0x00007fe528919b80: ;   {oop(a 'java/lang/invoke/MethodType'{0x0000000707f104b8} = (Ljava/lang/Object;)Ljava/lang/Object;)}
  0x00007fe528919b80: 4b08 0148 | b8b8 04f1 | 0707 0000 | 0048 85c0 | 750c f643 | 1801 7506 | f048 834b 

  0x00007fe528919b9c: ;   {metadata(method data for {method} {0x00007fe4c70b09b8} 'invokeExact_MT' '(Ljava/lang/Object;Ljava/lang/Object;Ljava/lang/Object;)Ljava/lang/Object;' in 'java/lang/invoke/Invokers$Holder')}
  0x00007fe528919b9c: 1801 48bb | 280f 3cc3 | e47f 0000 | 4883 83a8 | 0100 0001 

  0x00007fe528919bb0: ;   {metadata(method data for {method} {0x00007fe4c73de730} 'checkExactType' '(Ljava/lang/invoke/MethodHandle;Ljava/lang/invoke/MethodType;)V' in 'java/lang/invoke/Invokers')}
  0x00007fe528919bb0: 48bb 0069 | 1bc3 e47f | 0000 8b93 | f400 0000 | 83c2 0289 | 93f4 0000 | 0081 e2fe | ff1f 0085 
  0x00007fe528919bd0: d20f 84e6 | 0c00 0048 | 3b07 488b 

  0x00007fe528919bdc: ;   {metadata(method data for {method} {0x00007fe4c73de730} 'checkExactType' '(Ljava/lang/invoke/MethodHandle;Ljava/lang/invoke/MethodType;)V' in 'java/lang/invoke/Invokers')}
  0x00007fe528919bdc: df48 ba00 | 691b c3e4 | 7f00 008b | 5b08 49ba | 0000 00c7 | e47f 0000 | 4903 da48 | 3b9a 4801 
  0x00007fe528919bfc: 0000 750d | 4883 8250 | 0100 0001 | e960 0000 | 0048 3b9a | 5801 0000 | 750d 4883 | 8260 0100 
  0x00007fe528919c1c: 0001 e94a | 0000 0048 | 83ba 4801 | 0000 0075 | 1748 899a | 4801 0000 | 48c7 8250 | 0100 0001 
  0x00007fe528919c3c: 0000 00e9 | 2900 0000 | 4883 ba58 | 0100 0000 | 7517 4889 | 9a58 0100 | 0048 c782 | 6001 0000 
  0x00007fe528919c5c: 0100 0000 | e908 0000 | 0048 8382 | 3801 0000 | 018b 5f10 | 48c1 e303 

  0x00007fe528919c74: ;   {metadata(method data for {method} {0x00007fe4c73de730} 'checkExactType' '(Ljava/lang/invoke/MethodHandle;Ljava/lang/invoke/MethodType;)V' in 'java/lang/invoke/Invokers')}
  0x00007fe528919c74: 483b d848 | b800 691b | c3e4 7f00 | 0048 c7c2 | 8001 0000 | 7507 48c7 | c270 0100 | 0048 8b0c 
  0x00007fe528919c94: 1048 8d49 | 0148 890c | 100f 853f 

  0x00007fe528919ca0: ;   {metadata(method data for {method} {0x00007fe4c70b09b8} 'invokeExact_MT' '(Ljava/lang/Object;Ljava/lang/Object;Ljava/lang/Object;)Ljava/lang/Object;' in 'java/lang/invoke/Invokers$Holder')}
  0x00007fe528919ca0: 0100 0048 | bb28 0f3c | c3e4 7f00 | 0048 8383 | e001 0000 

  0x00007fe528919cb4: ;   {metadata(method data for {method} {0x00007fe4c73de628} 'checkCustomized' '(Ljava/lang/invoke/MethodHandle;)V' in 'java/lang/invoke/Invokers')}
  0x00007fe528919cb4: 0148 bbe8 | 6a1b c3e4 | 7f00 008b | 83f4 0000 | 0083 c002 | 8983 f400 | 0000 25fe | ff1f 0085 
  0x00007fe528919cd4: c00f 8408 

  0x00007fe528919cd8: ;   {metadata(method data for {method} {0x00007fe4c73de628} 'checkCustomized' '(Ljava/lang/invoke/MethodHandle;)V' in 'java/lang/invoke/Invokers')}
  0x00007fe528919cd8: 0c00 0048 | bbe8 6a1b | c3e4 7f00 | 0048 8383 | 3801 0000 

  0x00007fe528919cec: ;   {metadata(method data for {method} {0x00007fe4c7096af8} 'isCompileConstant' '(Ljava/lang/Object;)Z' in 'java/lang/invoke/MethodHandleImpl')}
  0x00007fe528919cec: 0148 bbc0 | 6c1b c3e4 | 7f00 008b | 83f4 0000 | 0083 c002 | 8983 f400 | 0000 25fe | ff1f 0085 
  0x00007fe528919d0c: c00f 84f1 

  0x00007fe528919d10: ;   {metadata(method data for {method} {0x00007fe4c73de628} 'checkCustomized' '(Ljava/lang/invoke/MethodHandle;)V' in 'java/lang/invoke/Invokers')}
  0x00007fe528919d10: 0b00 0048 | bbe8 6a1b | c3e4 7f00 | 00ff 8348 | 0100 008b | 5f14 48c1 | e303 8b5b | 1c48 c1e3 
  0x00007fe528919d30: 0348 85db 

  0x00007fe528919d34: ;   {metadata(method data for {method} {0x00007fe4c73de628} 'checkCustomized' '(Ljava/lang/invoke/MethodHandle;)V' in 'java/lang/invoke/Invokers')}
  0x00007fe528919d34: 48bb e86a | 1bc3 e47f | 0000 48c7 | c068 0100 | 0075 0748 | c7c0 7801 | 0000 488b | 1403 488d 
  0x00007fe528919d54: 5201 4889 | 1403 0f85 | 2400 0000 

  0x00007fe528919d60: ;   {metadata(method data for {method} {0x00007fe4c73de628} 'checkCustomized' '(Ljava/lang/invoke/MethodHandle;)V' in 'java/lang/invoke/Invokers')}
  0x00007fe528919d60: 48bb e86a | 1bc3 e47f | 0000 4883 | 8388 0100 | 0001 488b 

  0x00007fe528919d74: ;   {static_call}
  0x00007fe528919d74: f766 90e8 

  0x00007fe528919d78: ; ImmutableOopMap {[176]=Oop [184]=Oop [192]=Oop [280]=Oop }
                      ;*invokestatic maybeCustomize {reexecute=0 rethrow=0 return_oop=0}
                      ; - java.lang.invoke.Invokers::checkCustomized@19 (line 627)
                      ; - java.lang.invoke.Invokers$Holder::invokeExact_MT@14
                      ; - jdk.internal.reflect.DirectMethodHandleAccessor::invokeImpl@41 (line 153)
                      ; - jdk.internal.reflect.DirectMethodHandleAccessor::invoke@23 (line 103)
  0x00007fe528919d78: c4de c7ff 

  0x00007fe528919d7c: ;   {other}
  0x00007fe528919d7c: 0f1f 8400 | 6c1c 000a | 488b bc24 | 1801 0000 

  0x00007fe528919d8c: ;   {metadata(method data for {method} {0x00007fe4c70b09b8} 'invokeExact_MT' '(Ljava/lang/Object;Ljava/lang/Object;Ljava/lang/Object;)Ljava/lang/Object;' in 'java/lang/invoke/Invokers$Holder')}
  0x00007fe528919d8c: 48ba 280f | 3cc3 e47f | 0000 4883 | 8208 0200 | 0001 488b | 9424 c000 | 0000 488b | b424 1801 
  0x00007fe528919dac: ;   {optimized virtual_call}
  0x00007fe528919dac: 0000 90e8 

  0x00007fe528919db0: ; ImmutableOopMap {[176]=Oop [184]=Oop [192]=Oop [280]=Oop }
                      ;*invokevirtual invokeBasic {reexecute=0 rethrow=0 return_oop=0}
                      ; - java.lang.invoke.Invokers$Holder::invokeExact_MT@19
                      ; - jdk.internal.reflect.DirectMethodHandleAccessor::invokeImpl@41 (line 153)
                      ; - jdk.internal.reflect.DirectMethodHandleAccessor::invoke@23 (line 103)
  0x00007fe528919db0: 4cfd 6907 

  0x00007fe528919db4: ;   {other}
  0x00007fe528919db4: 0f1f 8400 | a41c 000b 

  0x00007fe528919dbc: ;   {metadata(method data for {method} {0x00007fe4c73cac00} 'invokeImpl' '(Ljava/lang/Object;[Ljava/lang/Object;)Ljava/lang/Object;' in 'jdk/internal/reflect/DirectMethodHandleAccessor')}
  0x00007fe528919dbc: 48be 1877 | b1c3 e47f | 0000 ff86 | f001 0000 | 4881 c4a0 | 0100 005d 

  0x00007fe528919dd4: ;   {poll_return}
  0x00007fe528919dd4: 493b a748 | 0400 000f | 8749 0b00 

  0x00007fe528919de0: ;   {metadata(method data for {method} {0x00007fe4c73de730} 'checkExactType' '(Ljava/lang/invoke/MethodHandle;Ljava/lang/invoke/MethodType;)V' in 'java/lang/invoke/Invokers')}
  0x00007fe528919de0: 00c3 48be | 0069 1bc3 | e47f 0000 | 4883 8690 | 0100 0001 

  0x00007fe528919df4: ;   {oop(a 'java/lang/invoke/MethodType'{0x0000000707f104b8} = (Ljava/lang/Object;)Ljava/lang/Object;)}
  0x00007fe528919df4: 48ba b804 | f107 0700 | 0000 488b | f348 899c | 2420 0100 | 0066 0f1f 

  0x00007fe528919e0c: ;   {static_call}
  0x00007fe528919e0c: 4400 00e8 

  0x00007fe528919e10: ; ImmutableOopMap {[176]=Oop [184]=Oop [192]=Oop [280]=Oop [288]=Oop }
                      ;*invokestatic newWrongMethodTypeException {reexecute=0 rethrow=0 return_oop=0}
                      ; - java.lang.invoke.Invokers::checkExactType@12 (line 531)
                      ; - java.lang.invoke.Invokers$Holder::invokeExact_MT@10
                      ; - jdk.internal.reflect.DirectMethodHandleAccessor::invokeImpl@41 (line 153)
                      ; - jdk.internal.reflect.DirectMethodHandleAccessor::invoke@23 (line 103)
  0x00007fe528919e10: 6c3b f906 

  0x00007fe528919e14: ;   {other}
  0x00007fe528919e14: 0f1f 8400 | 041d 000c 

  0x00007fe528919e1c: ; implicit exception: dispatches to 0x00007fe52891a940
                      ; ImmutableOopMap {rax=Oop [176]=Oop [184]=Oop [192]=Oop [280]=Oop [288]=Oop }
                      ;*athrow {reexecute=1 rethrow=0 return_oop=0}
                      ; - (reexecute) java.lang.invoke.Invokers::checkExactType@15 (line 531)
                      ; - java.lang.invoke.Invokers$Holder::invokeExact_MT@10
                      ; - jdk.internal.reflect.DirectMethodHandleAccessor::invokeImpl@41 (line 153)
                      ; - jdk.internal.reflect.DirectMethodHandleAccessor::invoke@23 (line 103)
                      ;   {section_word}
  0x00007fe528919e1c: 483b 0048 | ba1f 9e91 | 28e5 7f00 

  0x00007fe528919e28: ;   {runtime_call handle_exception_nofpu Runtime1 stub}
  0x00007fe528919e28: 00e8 d237 

  0x00007fe528919e2c: ;   {metadata(method data for {method} {0x00007fe4c73de730} 'checkExactType' '(Ljava/lang/invoke/MethodHandle;Ljava/lang/invoke/MethodType;)V' in 'java/lang/invoke/Invokers')}
  0x00007fe528919e2c: 0607 9048 | be00 691b | c3e4 7f00 | 0048 8386 | 9001 0000 

  0x00007fe528919e40: ;   {oop(a 'java/lang/invoke/MethodType'{0x0000000707f10648} = (Ljava/lang/Object;Ljava/lang/Object;)Ljava/lang/Object;)}
  0x00007fe528919e40: 0148 ba48 | 06f1 0707 | 0000 0048 | 8bf0 4889 | 8424 2801 

  0x00007fe528919e54: ;   {static_call}
  0x00007fe528919e54: 0000 90e8 

  0x00007fe528919e58: ; ImmutableOopMap {[176]=Oop [184]=Oop [192]=Oop [264]=Oop [272]=Oop [296]=Oop }
                      ;*invokestatic newWrongMethodTypeException {reexecute=0 rethrow=0 return_oop=0}
                      ; - java.lang.invoke.Invokers::checkExactType@12 (line 531)
                      ; - java.lang.invoke.Invokers$Holder::invokeExact_MT@10
                      ; - jdk.internal.reflect.DirectMethodHandleAccessor::invokeImpl@55 (line 154)
                      ; - jdk.internal.reflect.DirectMethodHandleAccessor::invoke@23 (line 103)
  0x00007fe528919e58: 243b f906 

  0x00007fe528919e5c: ;   {other}
  0x00007fe528919e5c: 0f1f 8400 | 4c1d 000e 

  0x00007fe528919e64: ; implicit exception: dispatches to 0x00007fe52891a945
                      ; ImmutableOopMap {rax=Oop [176]=Oop [184]=Oop [192]=Oop [264]=Oop [272]=Oop [296]=Oop }
                      ;*athrow {reexecute=1 rethrow=0 return_oop=0}
                      ; - (reexecute) java.lang.invoke.Invokers::checkExactType@15 (line 531)
                      ; - java.lang.invoke.Invokers$Holder::invokeExact_MT@10
                      ; - jdk.internal.reflect.DirectMethodHandleAccessor::invokeImpl@55 (line 154)
                      ; - jdk.internal.reflect.DirectMethodHandleAccessor::invoke@23 (line 103)
                      ;   {section_word}
  0x00007fe528919e64: 483b 0048 | ba67 9e91 | 28e5 7f00 

  0x00007fe528919e70: ;   {runtime_call handle_exception_nofpu Runtime1 stub}
  0x00007fe528919e70: 00e8 8a37 

  0x00007fe528919e74: ;   {metadata(method data for {method} {0x00007fe4c73de730} 'checkExactType' '(Ljava/lang/invoke/MethodHandle;Ljava/lang/invoke/MethodType;)V' in 'java/lang/invoke/Invokers')}
  0x00007fe528919e74: 0607 9048 | be00 691b | c3e4 7f00 | 0048 8386 | 9001 0000 

  0x00007fe528919e88: ;   {oop(a 'java/lang/invoke/MethodType'{0x0000000707f11100} = (Ljava/lang/Object;Ljava/lang/Object;Ljava/lang/Object;)Ljava/lang/Object;)}
  0x00007fe528919e88: 0148 ba00 | 11f1 0707 | 0000 0049 | 8bf0 4c89 | 8424 3001 

  0x00007fe528919e9c: ;   {static_call}
  0x00007fe528919e9c: 0000 90e8 

  0x00007fe528919ea0: ; ImmutableOopMap {[176]=Oop [184]=Oop [192]=Oop [240]=Oop [248]=Oop [256]=Oop [304]=Oop }
                      ;*invokestatic newWrongMethodTypeException {reexecute=0 rethrow=0 return_oop=0}
                      ; - java.lang.invoke.Invokers::checkExactType@12 (line 531)
                      ; - java.lang.invoke.LambdaForm$MH/0x00007fe4c80ca000::invokeExact_MT@11
                      ; - jdk.internal.reflect.DirectMethodHandleAccessor::invokeImpl@72 (line 155)
                      ; - jdk.internal.reflect.DirectMethodHandleAccessor::invoke@23 (line 103)
  0x00007fe528919ea0: dc3a f906 

  0x00007fe528919ea4: ;   {other}
  0x00007fe528919ea4: 0f1f 8400 | 941d 0010 

  0x00007fe528919eac: ; implicit exception: dispatches to 0x00007fe52891a94a
                      ; ImmutableOopMap {rax=Oop [176]=Oop [184]=Oop [192]=Oop [240]=Oop [248]=Oop [256]=Oop [304]=Oop }
                      ;*athrow {reexecute=1 rethrow=0 return_oop=0}
                      ; - (reexecute) java.lang.invoke.Invokers::checkExactType@15 (line 531)
                      ; - java.lang.invoke.LambdaForm$MH/0x00007fe4c80ca000::invokeExact_MT@11
                      ; - jdk.internal.reflect.DirectMethodHandleAccessor::invokeImpl@72 (line 155)
                      ; - jdk.internal.reflect.DirectMethodHandleAccessor::invoke@23 (line 103)
                      ;   {section_word}
  0x00007fe528919eac: 483b 0048 | baaf 9e91 | 28e5 7f00 

  0x00007fe528919eb8: ;   {runtime_call handle_exception_nofpu Runtime1 stub}
  0x00007fe528919eb8: 00e8 4237 

  0x00007fe528919ebc: ;   {metadata(method data for {method} {0x00007fe4c73de730} 'checkExactType' '(Ljava/lang/invoke/MethodHandle;Ljava/lang/invoke/MethodType;)V' in 'java/lang/invoke/Invokers')}
  0x00007fe528919ebc: 0607 9048 | be00 691b | c3e4 7f00 | 0048 8386 | 9001 0000 

  0x00007fe528919ed0: ;   {oop(a 'java/lang/invoke/MethodType'{0x0000000707f11128} = (Ljava/lang/Object;Ljava/lang/Object;Ljava/lang/Object;Ljava/lang/Object;)Ljava/lang/Object;)}
  0x00007fe528919ed0: 0148 ba28 | 11f1 0707 | 0000 0049 | 8bf1 4c89 | 8c24 3801 

  0x00007fe528919ee4: ;   {static_call}
  0x00007fe528919ee4: 0000 90e8 

  0x00007fe528919ee8: ; ImmutableOopMap {[176]=Oop [184]=Oop [192]=Oop [208]=Oop [216]=Oop [224]=Oop [232]=Oop [312]=Oop }
                      ;*invokestatic newWrongMethodTypeException {reexecute=0 rethrow=0 return_oop=0}
                      ; - java.lang.invoke.Invokers::checkExactType@12 (line 531)
                      ; - java.lang.invoke.LambdaForm$MH/0x00007fe4c8094000::invokeExact_MT@11
                      ; - jdk.internal.reflect.DirectMethodHandleAccessor::invokeImpl@92 (line 156)
                      ; - jdk.internal.reflect.DirectMethodHandleAccessor::invoke@23 (line 103)
  0x00007fe528919ee8: 943a f906 

  0x00007fe528919eec: ;   {other}
  0x00007fe528919eec: 0f1f 8400 | dc1d 0012 

  0x00007fe528919ef4: ; implicit exception: dispatches to 0x00007fe52891a94f
                      ; ImmutableOopMap {rax=Oop [176]=Oop [184]=Oop [192]=Oop [208]=Oop [216]=Oop [224]=Oop [232]=Oop [312]=Oop }
                      ;*athrow {reexecute=1 rethrow=0 return_oop=0}
                      ; - (reexecute) java.lang.invoke.Invokers::checkExactType@15 (line 531)
                      ; - java.lang.invoke.LambdaForm$MH/0x00007fe4c8094000::invokeExact_MT@11
                      ; - jdk.internal.reflect.DirectMethodHandleAccessor::invokeImpl@92 (line 156)
                      ; - jdk.internal.reflect.DirectMethodHandleAccessor::invoke@23 (line 103)
                      ;   {section_word}
  0x00007fe528919ef4: 483b 0048 | baf7 9e91 | 28e5 7f00 

  0x00007fe528919f00: ;   {runtime_call handle_exception_nofpu Runtime1 stub}
  0x00007fe528919f00: 00e8 fa36 

  0x00007fe528919f04: ;   {metadata(method data for {method} {0x00007fe4c73de730} 'checkExactType' '(Ljava/lang/invoke/MethodHandle;Ljava/lang/invoke/MethodType;)V' in 'java/lang/invoke/Invokers')}
  0x00007fe528919f04: 0607 9048 | be00 691b | c3e4 7f00 | 0048 8386 | 9001 0000 

  0x00007fe528919f18: ;   {oop(a 'java/lang/invoke/MethodType'{0x0000000714e3c0a0} = (Ljava/lang/Object;[Ljava/lang/Object;)Ljava/lang/Object;)}
  0x00007fe528919f18: 0148 baa0 | c0e3 1407 | 0000 0048 | 8bf3 4889 | 9c24 4001 

  0x00007fe528919f2c: ;   {static_call}
  0x00007fe528919f2c: 0000 90e8 

  0x00007fe528919f30: ; ImmutableOopMap {[176]=Oop [184]=Oop [192]=Oop [200]=Oop [320]=Oop }
                      ;*invokestatic newWrongMethodTypeException {reexecute=0 rethrow=0 return_oop=0}
                      ; - java.lang.invoke.Invokers::checkExactType@12 (line 531)
                      ; - java.lang.invoke.Invokers$Holder::invokeExact_MT@10
                      ; - jdk.internal.reflect.DirectMethodHandleAccessor::invokeImpl@104 (line 157)
                      ; - jdk.internal.reflect.DirectMethodHandleAccessor::invoke@23 (line 103)
  0x00007fe528919f30: 4c3a f906 

  0x00007fe528919f34: ;   {other}
  0x00007fe528919f34: 0f1f 8400 | 241e 0014 

  0x00007fe528919f3c: ; implicit exception: dispatches to 0x00007fe52891a954
                      ; ImmutableOopMap {rax=Oop [176]=Oop [184]=Oop [192]=Oop [200]=Oop [320]=Oop }
                      ;*athrow {reexecute=1 rethrow=0 return_oop=0}
                      ; - (reexecute) java.lang.invoke.Invokers::checkExactType@15 (line 531)
                      ; - java.lang.invoke.Invokers$Holder::invokeExact_MT@10
                      ; - jdk.internal.reflect.DirectMethodHandleAccessor::invokeImpl@104 (line 157)
                      ; - jdk.internal.reflect.DirectMethodHandleAccessor::invoke@23 (line 103)
                      ;   {section_word}
  0x00007fe528919f3c: 483b 0048 | ba3f 9f91 | 28e5 7f00 

  0x00007fe528919f48: ;   {runtime_call handle_exception_nofpu Runtime1 stub}
  0x00007fe528919f48: 00e8 b236 | 0607 9049 | 8b87 f804 | 0000 4d33 | d24d 8997 | f804 0000 | 4d33 d24d | 8997 0005 
  0x00007fe528919f68: 0000 4889 | 8424 4801 | 0000 488b | b424 b000 

  0x00007fe528919f78: ;   {metadata(method data for {method} {0x00007fe4c719dad8} 'invoke' '(Ljava/lang/Object;[Ljava/lang/Object;)Ljava/lang/Object;' in 'jdk/internal/reflect/DirectMethodHandleAccessor')}
  0x00007fe528919f78: 0000 48ba | b873 b1c3 | e47f 0000 | 4883 8288 | 0200 0001 

  0x00007fe528919f8c: ;   {metadata(method data for {method} {0x00007fe4c73caba8} 'isIllegalArgument' '(Ljava/lang/RuntimeException;)Z' in 'jdk/internal/reflect/DirectMethodHandleAccessor')}
  0x00007fe528919f8c: 48be 7080 | b1c3 e47f | 0000 8b96 | f400 0000 | 83c2 0289 | 96f4 0000 | 0081 e2fe | ff1f 0085 
  0x00007fe528919fac: d20f 84a6 

  0x00007fe528919fb0: ;   {oop(a 'java/lang/Class'{0x00000007ffebb518} = 'jdk/internal/reflect/DirectMethodHandleAccessor')}
  0x00007fe528919fb0: 0900 0048 | be18 b5eb | ff07 0000 | 0048 8bd0 | 0f1f 8000 

  0x00007fe528919fc4: ;   {static_call}
  0x00007fe528919fc4: 0000 00e8 

  0x00007fe528919fc8: ; ImmutableOopMap {[176]=Oop [184]=Oop [192]=Oop [328]=Oop }
                      ;*invokestatic isIllegalArgument {reexecute=0 rethrow=0 return_oop=0}
                      ; - jdk.internal.reflect.DirectMethodHandleAccessor::isIllegalArgument@3 (line 191)
                      ; - jdk.internal.reflect.DirectMethodHandleAccessor::invoke@58 (line 112)
  0x00007fe528919fc8: b439 f906 

  0x00007fe528919fcc: ;   {other}
  0x00007fe528919fcc: 0f1f 8400 | bc1e 0016 | 83e0 0185 

  0x00007fe528919fd8: ;   {metadata(method data for {method} {0x00007fe4c719dad8} 'invoke' '(Ljava/lang/Object;[Ljava/lang/Object;)Ljava/lang/Object;' in 'jdk/internal/reflect/DirectMethodHandleAccessor')}
  0x00007fe528919fd8: c048 b8b8 | 73b1 c3e4 | 7f00 0048 | c7c6 c002 | 0000 7407 | 48c7 c6d0 | 0200 0048 | 8b14 3048 
  0x00007fe528919ff8: 8d52 0148 | 8914 300f | 84c7 0200 | 00e9 1202 | 0000 498b | 87f8 0400 | 004d 33d2 | 4d89 97f8 
  0x00007fe52891a018: 0400 004d | 33d2 4d89 | 9700 0500 | 0048 8984 | 2450 0100 | 0048 8bb4 | 24b0 0000 

  0x00007fe52891a034: ;   {metadata(method data for {method} {0x00007fe4c719dad8} 'invoke' '(Ljava/lang/Object;[Ljava/lang/Object;)Ljava/lang/Object;' in 'jdk/internal/reflect/DirectMethodHandleAccessor')}
  0x00007fe52891a034: 0048 bab8 | 73b1 c3e4 | 7f00 0048 | 8382 1002 

  0x00007fe52891a044: ;   {metadata(method data for {method} {0x00007fe4c73caba8} 'isIllegalArgument' '(Ljava/lang/RuntimeException;)Z' in 'jdk/internal/reflect/DirectMethodHandleAccessor')}
  0x00007fe52891a044: 0000 0148 | be70 80b1 | c3e4 7f00 | 008b 96f4 | 0000 0083 | c202 8996 | f400 0000 | 81e2 feff 
  0x00007fe52891a064: 1f00 85d2 | 0f84 0c09 

  0x00007fe52891a06c: ;   {oop(a 'java/lang/Class'{0x00000007ffebb518} = 'jdk/internal/reflect/DirectMethodHandleAccessor')}
  0x00007fe52891a06c: 0000 48be | 18b5 ebff | 0700 0000 | 488b d00f 

  0x00007fe52891a07c: ;   {static_call}
  0x00007fe52891a07c: 1f40 00e8 

  0x00007fe52891a080: ; ImmutableOopMap {[176]=Oop [184]=Oop [192]=Oop [336]=Oop }
                      ;*invokestatic isIllegalArgument {reexecute=0 rethrow=0 return_oop=0}
                      ; - jdk.internal.reflect.DirectMethodHandleAccessor::isIllegalArgument@3 (line 191)
                      ; - jdk.internal.reflect.DirectMethodHandleAccessor::invoke@30 (line 105)
  0x00007fe52891a080: fc38 f906 

  0x00007fe52891a084: ;   {other}
  0x00007fe52891a084: 0f1f 8400 | 741f 0017 | 83e0 0185 

  0x00007fe52891a090: ;   {metadata(method data for {method} {0x00007fe4c719dad8} 'invoke' '(Ljava/lang/Object;[Ljava/lang/Object;)Ljava/lang/Object;' in 'jdk/internal/reflect/DirectMethodHandleAccessor')}
  0x00007fe52891a090: c048 bab8 | 73b1 c3e4 | 7f00 0048 | c7c6 4802 | 0000 7407 | 48c7 c658 | 0200 0048 | 8b3c 3248 
  0x00007fe52891a0b0: 8d7f 0148 | 893c 320f | 84af 0000 | 0066 6690 

  0x00007fe52891a0c0: ;   {no_reloc}
  0x00007fe52891a0c0: e9e5 0800 | 0000 0000 | 0000 498b | 87b8 0100 | 0048 8d78 | 2849 3bbf | c801 0000 | 0f87 d208 
  0x00007fe52891a0e0: 0000 4989 | bfb8 0100 | 0048 c700 | 0100 0000 | 488b ca49 | ba00 0000 | c7e4 7f00 | 0049 2bca 
  0x00007fe52891a100: 8948 0848 | 33c9 8948 | 0c48 33c9 | 4889 4810 | 4889 4818 | 4889 4820 

  0x00007fe52891a118: ;   {metadata(method data for {method} {0x00007fe4c719dad8} 'invoke' '(Ljava/lang/Object;[Ljava/lang/Object;)Ljava/lang/Object;' in 'jdk/internal/reflect/DirectMethodHandleAccessor')}
  0x00007fe52891a118: 488b d048 | beb8 73b1 | c3e4 7f00 | 0048 8386 | 6802 0000 

  0x00007fe52891a12c: ;   {oop("argument type mismatch"{0x00000007ffe087d0})}
  0x00007fe52891a12c: 0148 bad0 | 87e0 ff07 | 0000 0048 | 8bf0 4889 | 8424 5801 | 0000 0f1f 

  0x00007fe52891a144: ;   {optimized virtual_call}
  0x00007fe52891a144: 4400 00e8 

  0x00007fe52891a148: ; ImmutableOopMap {[176]=Oop [184]=Oop [192]=Oop [336]=Oop [344]=Oop }
                      ;*invokespecial <init> {reexecute=0 rethrow=0 return_oop=0}
                      ; - jdk.internal.reflect.DirectMethodHandleAccessor::invoke@42 (line 107)
  0x00007fe52891a148: 3432 f906 

  0x00007fe52891a14c: ;   {other}
  0x00007fe52891a14c: 0f1f 8400 | 3c20 0018 | 488b 8424 

  0x00007fe52891a158: ; ImmutableOopMap {rax=Oop [176]=Oop [184]=Oop [192]=Oop [336]=Oop }
                      ;*athrow {reexecute=1 rethrow=0 return_oop=0}
                      ; - (reexecute) jdk.internal.reflect.DirectMethodHandleAccessor::invoke@45 (line 107)
  0x00007fe52891a158: 5801 0000 

  0x00007fe52891a15c: ;   {section_word}
  0x00007fe52891a15c: 48ba 5ca1 | 9128 e57f 

  0x00007fe52891a164: ;   {runtime_call handle_exception_nofpu Runtime1 stub}
  0x00007fe52891a164: 0000 e895 | 3406 0790 | 488b 8424 | 5001 0000 

  0x00007fe52891a174: ;   {metadata('java/lang/reflect/InvocationTargetException')}
  0x00007fe52891a174: 48ba 684e | 07c8 e47f | 0000 488b | d849 8b87 | b801 0000 | 488d 7828 | 493b bfc8 | 0100 000f 
  0x00007fe52891a194: 8728 0800 | 0049 89bf | b801 0000 | 48c7 0001 | 0000 0048 | 8bca 49ba | 0000 00c7 | e47f 0000 
  0x00007fe52891a1b4: 492b ca89 | 4808 4833 | c989 480c | 4833 c948 | 8948 1048 | 8948 1848 | 8948 2048 

  0x00007fe52891a1d0: ;   {metadata(method data for {method} {0x00007fe4c719dad8} 'invoke' '(Ljava/lang/Object;[Ljava/lang/Object;)Ljava/lang/Object;' in 'jdk/internal/reflect/DirectMethodHandleAccessor')}
  0x00007fe52891a1d0: 8bd0 48be | b873 b1c3 | e47f 0000 | 4883 8678 | 0200 0001 | 488b d348 | 8bf0 4889 | 8424 6001 
  0x00007fe52891a1f0: 0000 0f1f 

  0x00007fe52891a1f4: ;   {optimized virtual_call}
  0x00007fe52891a1f4: 4400 00e8 

  0x00007fe52891a1f8: ; ImmutableOopMap {[176]=Oop [184]=Oop [192]=Oop [336]=Oop [352]=Oop }
                      ;*invokespecial <init> {reexecute=0 rethrow=0 return_oop=0}
                      ; - jdk.internal.reflect.DirectMethodHandleAccessor::invoke@51 (line 109)
  0x00007fe52891a1f8: 8431 f906 

  0x00007fe52891a1fc: ;   {other}
  0x00007fe52891a1fc: 0f1f 8400 | ec20 001a | 488b 8424 

  0x00007fe52891a208: ; ImmutableOopMap {rax=Oop [176]=Oop [184]=Oop [192]=Oop [336]=Oop }
                      ;*athrow {reexecute=1 rethrow=0 return_oop=0}
                      ; - (reexecute) jdk.internal.reflect.DirectMethodHandleAccessor::invoke@54 (line 109)
  0x00007fe52891a208: 6001 0000 

  0x00007fe52891a20c: ;   {section_word}
  0x00007fe52891a20c: 48ba 0ca2 | 9128 e57f 

  0x00007fe52891a214: ;   {runtime_call handle_exception_nofpu Runtime1 stub}
  0x00007fe52891a214: 0000 e8e5 | 3306 0790 | 0f1f 4000 

  0x00007fe52891a220: ;   {no_reloc}
  0x00007fe52891a220: e9b8 0700 | 0000 0000 | 0000 498b | 87b8 0100 | 0048 8d78 | 2849 3bbf | c801 0000 | 0f87 a507 
  0x00007fe52891a240: 0000 4989 | bfb8 0100 | 0048 c700 | 0100 0000 | 488b ca49 | ba00 0000 | c7e4 7f00 | 0049 2bca 
  0x00007fe52891a260: 8948 0848 | 33c9 8948 | 0c48 33c9 | 4889 4810 | 4889 4818 | 4889 4820 

  0x00007fe52891a278: ;   {metadata(method data for {method} {0x00007fe4c719dad8} 'invoke' '(Ljava/lang/Object;[Ljava/lang/Object;)Ljava/lang/Object;' in 'jdk/internal/reflect/DirectMethodHandleAccessor')}
  0x00007fe52891a278: 488b d048 | beb8 73b1 | c3e4 7f00 | 0048 8386 | e002 0000 | 0148 8b94 | 2448 0100 | 0048 8bf0 
  0x00007fe52891a298: 4889 8424 | 6801 0000 | 0f1f 8000 

  0x00007fe52891a2a4: ;   {optimized virtual_call}
  0x00007fe52891a2a4: 0000 00e8 

  0x00007fe52891a2a8: ; ImmutableOopMap {[176]=Oop [184]=Oop [192]=Oop [328]=Oop [360]=Oop }
                      ;*invokespecial <init> {reexecute=0 rethrow=0 return_oop=0}
                      ; - jdk.internal.reflect.DirectMethodHandleAccessor::invoke@69 (line 113)
  0x00007fe52891a2a8: d430 f906 

  0x00007fe52891a2ac: ;   {other}
  0x00007fe52891a2ac: 0f1f 8400 | 9c21 001c | 488b 8424 

  0x00007fe52891a2b8: ; ImmutableOopMap {rax=Oop [176]=Oop [184]=Oop [192]=Oop [328]=Oop }
                      ;*athrow {reexecute=1 rethrow=0 return_oop=0}
                      ; - (reexecute) jdk.internal.reflect.DirectMethodHandleAccessor::invoke@72 (line 113)
  0x00007fe52891a2b8: 6801 0000 

  0x00007fe52891a2bc: ;   {section_word}
  0x00007fe52891a2bc: 48ba bca2 | 9128 e57f 

  0x00007fe52891a2c4: ;   {runtime_call handle_exception_nofpu Runtime1 stub}
  0x00007fe52891a2c4: 0000 e835 | 3306 0790 | 488b 8424 | 4801 0000 

  0x00007fe52891a2d4: ;   {metadata('java/lang/reflect/InvocationTargetException')}
  0x00007fe52891a2d4: 48ba 684e | 07c8 e47f | 0000 488b | d849 8b87 | b801 0000 | 488d 7828 | 493b bfc8 | 0100 000f 
  0x00007fe52891a2f4: 87fb 0600 | 0049 89bf | b801 0000 | 48c7 0001 | 0000 0048 | 8bca 49ba | 0000 00c7 | e47f 0000 
  0x00007fe52891a314: 492b ca89 | 4808 4833 | c989 480c | 4833 c948 | 8948 1048 | 8948 1848 | 8948 2048 

  0x00007fe52891a330: ;   {metadata(method data for {method} {0x00007fe4c719dad8} 'invoke' '(Ljava/lang/Object;[Ljava/lang/Object;)Ljava/lang/Object;' in 'jdk/internal/reflect/DirectMethodHandleAccessor')}
  0x00007fe52891a330: 8bd0 48be | b873 b1c3 | e47f 0000 | 4883 86f0 | 0200 0001 | 488b d348 | 8bf0 4889 | 8424 7001 
  0x00007fe52891a350: 0000 0f1f 

  0x00007fe52891a354: ;   {optimized virtual_call}
  0x00007fe52891a354: 4400 00e8 

  0x00007fe52891a358: ; ImmutableOopMap {[176]=Oop [184]=Oop [192]=Oop [328]=Oop [368]=Oop }
                      ;*invokespecial <init> {reexecute=0 rethrow=0 return_oop=0}
                      ; - jdk.internal.reflect.DirectMethodHandleAccessor::invoke@78 (line 115)
  0x00007fe52891a358: 2430 f906 

  0x00007fe52891a35c: ;   {other}
  0x00007fe52891a35c: 0f1f 8400 | 4c22 001e | 488b 8424 

  0x00007fe52891a368: ; ImmutableOopMap {rax=Oop [176]=Oop [184]=Oop [192]=Oop [328]=Oop }
                      ;*athrow {reexecute=1 rethrow=0 return_oop=0}
                      ; - (reexecute) jdk.internal.reflect.DirectMethodHandleAccessor::invoke@81 (line 115)
  0x00007fe52891a368: 7001 0000 

  0x00007fe52891a36c: ;   {section_word}
  0x00007fe52891a36c: 48ba 6ca3 | 9128 e57f 

  0x00007fe52891a374: ;   {runtime_call handle_exception_nofpu Runtime1 stub}
  0x00007fe52891a374: 0000 e885 | 3206 0790 | 0f1f 4000 

  0x00007fe52891a380: ;   {no_reloc}
  0x00007fe52891a380: e98b 0600 | 0000 0000 | 0000 498b | 87b8 0100 | 0048 8d78 | 2849 3bbf | c801 0000 | 0f87 7806 
  0x00007fe52891a3a0: 0000 4989 | bfb8 0100 | 0048 c700 | 0100 0000 | 488b ca49 | ba00 0000 | c7e4 7f00 | 0049 2bca 
  0x00007fe52891a3c0: 8948 0848 | 33c9 8948 | 0c48 33c9 | 4889 4810 | 4889 4818 | 4889 4820 

  0x00007fe52891a3d8: ;   {metadata(method data for {method} {0x00007fe4c73cacb0} 'checkReceiver' '(Ljava/lang/Object;)V' in 'jdk/internal/reflect/DirectMethodHandleAccessor')}
  0x00007fe52891a3d8: 488b d048 | be58 7bb1 | c3e4 7f00 | 0048 8386 | c801 0000 

  0x00007fe52891a3ec: ;   {oop("object is not an instance of declaring class"{0x00000007ffe46ac0})}
  0x00007fe52891a3ec: 0148 bac0 | 6ae4 ff07 | 0000 0048 | 8bf0 4889 | 8424 7801 | 0000 0f1f 

  0x00007fe52891a404: ;   {optimized virtual_call}
  0x00007fe52891a404: 4400 00e8 

  0x00007fe52891a408: ; ImmutableOopMap {[176]=Oop [184]=Oop [192]=Oop [376]=Oop }
                      ;*invokespecial <init> {reexecute=0 rethrow=0 return_oop=0}
                      ; - jdk.internal.reflect.DirectMethodHandleAccessor::checkReceiver@20 (line 197)
                      ; - jdk.internal.reflect.DirectMethodHandleAccessor::invoke@9 (line 99)
  0x00007fe52891a408: 742f f906 

  0x00007fe52891a40c: ;   {other}
  0x00007fe52891a40c: 0f1f 8400 | fc22 0020 | 488b 8424 

  0x00007fe52891a418: ; ImmutableOopMap {rax=Oop [176]=Oop [184]=Oop [192]=Oop }
                      ;*athrow {reexecute=1 rethrow=0 return_oop=0}
                      ; - (reexecute) jdk.internal.reflect.DirectMethodHandleAccessor::checkReceiver@23 (line 197)
                      ; - jdk.internal.reflect.DirectMethodHandleAccessor::invoke@9 (line 99)
  0x00007fe52891a418: 7801 0000 

  0x00007fe52891a41c: ;   {section_word}
  0x00007fe52891a41c: 48ba 1ca4 | 9128 e57f 

  0x00007fe52891a424: ;   {runtime_call handle_exception_nofpu Runtime1 stub}
  0x00007fe52891a424: 0000 e8d5 | 3106 0790 | 498b 87f8 | 0400 004d | 33d2 4d89 | 97f8 0400 | 004d 33d2 | 4d89 9700 
  0x00007fe52891a444: ;   {metadata('java/lang/reflect/InvocationTargetException')}
  0x00007fe52891a444: 0500 0048 | ba68 4e07 | c8e4 7f00 | 004c 8bc0 | 498b 87b8 | 0100 0048 | 8d78 2849 | 3bbf c801 
  0x00007fe52891a464: 0000 0f87 | bb05 0000 | 4989 bfb8 | 0100 0048 | c700 0100 | 0000 488b | ca49 ba00 | 0000 c7e4 
  0x00007fe52891a484: 7f00 0049 | 2bca 8948 | 0848 33c9 | 8948 0c48 | 33c9 4889 | 4810 4889 | 4818 4889 | 4820 488b 
  0x00007fe52891a4a4: ;   {metadata(method data for {method} {0x00007fe4c719dad8} 'invoke' '(Ljava/lang/Object;[Ljava/lang/Object;)Ljava/lang/Object;' in 'jdk/internal/reflect/DirectMethodHandleAccessor')}
  0x00007fe52891a4a4: d048 beb8 | 73b1 c3e4 | 7f00 0048 | 8386 0003 | 0000 0149 | 8bd0 488b | f04c 8984 | 2488 0100 
  0x00007fe52891a4c4: 0048 8984 | 2480 0100 

  0x00007fe52891a4cc: ;   {optimized virtual_call}
  0x00007fe52891a4cc: 0066 90e8 

  0x00007fe52891a4d0: ; ImmutableOopMap {[176]=Oop [184]=Oop [192]=Oop [384]=Oop [392]=Oop }
                      ;*invokespecial <init> {reexecute=0 rethrow=0 return_oop=0}
                      ; - jdk.internal.reflect.DirectMethodHandleAccessor::invoke@88 (line 118)
  0x00007fe52891a4d0: ac2e f906 

  0x00007fe52891a4d4: ;   {other}
  0x00007fe52891a4d4: 0f1f 8400 | c423 0022 | 488b 8424 

  0x00007fe52891a4e0: ; ImmutableOopMap {rax=Oop [176]=Oop [184]=Oop [192]=Oop [392]=Oop }
                      ;*athrow {reexecute=1 rethrow=0 return_oop=0}
                      ; - (reexecute) jdk.internal.reflect.DirectMethodHandleAccessor::invoke@91 (line 118)
  0x00007fe52891a4e0: 8001 0000 

  0x00007fe52891a4e4: ;   {section_word}
  0x00007fe52891a4e4: 48ba e4a4 | 9128 e57f 

  0x00007fe52891a4ec: ;   {runtime_call handle_exception_nofpu Runtime1 stub}
  0x00007fe52891a4ec: 0000 e80d | 3106 0790 

  0x00007fe52891a4f4: ;   {metadata({method} {0x00007fe4c719dad8} 'invoke' '(Ljava/lang/Object;[Ljava/lang/Object;)Ljava/lang/Object;' in 'jdk/internal/reflect/DirectMethodHandleAccessor')}
  0x00007fe52891a4f4: 49ba d8da | 19c7 e47f | 0000 4c89 | 5424 0848 | c704 24ff 

  0x00007fe52891a508: ;   {runtime_call counter_overflow Runtime1 stub}
  0x00007fe52891a508: ffff ffe8 

  0x00007fe52891a50c: ; ImmutableOopMap {rsi=Oop rdx=Oop rcx=Oop [176]=Oop [184]=Oop [192]=Oop }
                      ;*synchronization entry
                      ; - jdk.internal.reflect.DirectMethodHandleAccessor::invoke@-1 (line 98)
  0x00007fe52891a50c: 7074 0607 | e9a9 e1ff 

  0x00007fe52891a514: ;   {metadata({method} {0x00007fe4c73cad60} 'isStatic' '()Z' in 'jdk/internal/reflect/DirectMethodHandleAccessor')}
  0x00007fe52891a514: ff49 ba60 | ad3c c7e4 | 7f00 004c | 8954 2408 | 48c7 0424 | ffff ffff 

  0x00007fe52891a52c: ;   {runtime_call counter_overflow Runtime1 stub}
  0x00007fe52891a52c: e84f 7406 

  0x00007fe52891a530: ; ImmutableOopMap {rsi=Oop rdx=Oop rcx=Oop [176]=Oop [184]=Oop [192]=Oop }
                      ;*synchronization entry
                      ; - jdk.internal.reflect.DirectMethodHandleAccessor::isStatic@-1 (line 183)
                      ; - jdk.internal.reflect.DirectMethodHandleAccessor::invoke@1 (line 98)
  0x00007fe52891a530: 07e9 c4e1 

  0x00007fe52891a534: ;   {metadata({method} {0x00007fe4c73cacb0} 'checkReceiver' '(Ljava/lang/Object;)V' in 'jdk/internal/reflect/DirectMethodHandleAccessor')}
  0x00007fe52891a534: ffff 49ba | b0ac 3cc7 | e47f 0000 | 4c89 5424 | 0848 c704 | 24ff ffff 

  0x00007fe52891a54c: ;   {runtime_call counter_overflow Runtime1 stub}
  0x00007fe52891a54c: ffe8 2e74 

  0x00007fe52891a550: ; ImmutableOopMap {rsi=Oop rdx=Oop [176]=Oop [184]=Oop [192]=Oop }
                      ;*synchronization entry
                      ; - jdk.internal.reflect.DirectMethodHandleAccessor::checkReceiver@-1 (line 196)
                      ; - jdk.internal.reflect.DirectMethodHandleAccessor::invoke@9 (line 99)
  0x00007fe52891a550: 0607 e96a 

  0x00007fe52891a554: ;   {runtime_call throw_null_pointer_exception Runtime1 stub}
  0x00007fe52891a554: e2ff ffe8 

  0x00007fe52891a558: ; ImmutableOopMap {rsi=Oop rdx=Oop rdi=Oop [176]=Oop [184]=Oop [192]=Oop }
                      ;*invokevirtual getClass {reexecute=0 rethrow=0 return_oop=0}
                      ; - jdk.internal.reflect.DirectMethodHandleAccessor::checkReceiver@5 (line 196)
                      ; - jdk.internal.reflect.DirectMethodHandleAccessor::invoke@9 (line 99)
  0x00007fe52891a558: 2402 0607 

  0x00007fe52891a55c: ;   {runtime_call throw_null_pointer_exception Runtime1 stub}
  0x00007fe52891a55c: e81f 0206 

  0x00007fe52891a560: ; ImmutableOopMap {rsi=Oop rdx=Oop rdi=Oop rbx=Oop [176]=Oop [184]=Oop [192]=Oop }
                      ;*invokevirtual isAssignableFrom {reexecute=0 rethrow=0 return_oop=0}
                      ; - jdk.internal.reflect.DirectMethodHandleAccessor::checkReceiver@8 (line 196)
                      ; - jdk.internal.reflect.DirectMethodHandleAccessor::invoke@9 (line 99)
                      ;   {metadata({method} {0x00007fe4c73cac00} 'invokeImpl' '(Ljava/lang/Object;[Ljava/lang/Object;)Ljava/lang/Object;' in 'jdk/internal/reflect/DirectMethodHandleAccessor')}
  0x00007fe52891a560: 0749 ba00 | ac3c c7e4 | 7f00 004c | 8954 2408 | 48c7 0424 | ffff ffff 

  0x00007fe52891a578: ;   {runtime_call counter_overflow Runtime1 stub}
  0x00007fe52891a578: e803 7406 

  0x00007fe52891a57c: ; ImmutableOopMap {rsi=Oop [176]=Oop [184]=Oop [192]=Oop }
                      ;*synchronization entry
                      ; - jdk.internal.reflect.DirectMethodHandleAccessor::invokeImpl@-1 (line 152)
                      ; - jdk.internal.reflect.DirectMethodHandleAccessor::invoke@23 (line 103)
  0x00007fe52891a57c: 07e9 4ee3 

  0x00007fe52891a580: ;   {metadata({method} {0x00007fe4c70b0908} 'invokeExact_MT' '(Ljava/lang/Object;Ljava/lang/Object;Ljava/lang/Object;Ljava/lang/Object;)Ljava/lang/Object;' in 'java/lang/invoke/Invokers$Holder')}
  0x00007fe52891a580: ffff 49ba | 0809 0bc7 | e47f 0000 | 4c89 5424 | 0848 c704 | 24ff ffff 

  0x00007fe52891a598: ;   {runtime_call counter_overflow Runtime1 stub}
  0x00007fe52891a598: ffe8 e273 

  0x00007fe52891a59c: ; ImmutableOopMap {rsi=Oop rdx=Oop rdi=Oop [176]=Oop [184]=Oop [192]=Oop [200]=Oop }
                      ;*synchronization entry
                      ; - java.lang.invoke.Invokers$Holder::invokeExact_MT@-1
                      ; - jdk.internal.reflect.DirectMethodHandleAccessor::invokeImpl@104 (line 157)
                      ; - jdk.internal.reflect.DirectMethodHandleAccessor::invoke@23 (line 103)
  0x00007fe52891a59c: 0607 e985 

  0x00007fe52891a5a0: ;   {metadata({method} {0x00007fe4c73de730} 'checkExactType' '(Ljava/lang/invoke/MethodHandle;Ljava/lang/invoke/MethodType;)V' in 'java/lang/invoke/Invokers')}
  0x00007fe52891a5a0: e4ff ff49 | ba30 e73d | c7e4 7f00 | 004c 8954 | 2408 48c7 | 0424 ffff 

  0x00007fe52891a5b8: ;   {runtime_call counter_overflow Runtime1 stub}
  0x00007fe52891a5b8: ffff e8c1 

  0x00007fe52891a5bc: ; ImmutableOopMap {rsi=Oop rdx=Oop rdi=Oop rax=Oop [176]=Oop [184]=Oop [192]=Oop [200]=Oop }
                      ;*synchronization entry
                      ; - java.lang.invoke.Invokers::checkExactType@-1 (line 529)
                      ; - java.lang.invoke.Invokers$Holder::invokeExact_MT@10
                      ; - jdk.internal.reflect.DirectMethodHandleAccessor::invokeImpl@104 (line 157)
                      ; - jdk.internal.reflect.DirectMethodHandleAccessor::invoke@23 (line 103)
  0x00007fe52891a5bc: 7306 07e9 | dae4 ffff 

  0x00007fe52891a5c4: ;   {runtime_call throw_null_pointer_exception Runtime1 stub}
  0x00007fe52891a5c4: e8b7 0106 

  0x00007fe52891a5c8: ; ImmutableOopMap {rsi=Oop rdx=Oop rdi=Oop rax=Oop [176]=Oop [184]=Oop [192]=Oop [200]=Oop }
                      ;*invokevirtual type {reexecute=0 rethrow=0 return_oop=0}
                      ; - java.lang.invoke.Invokers::checkExactType@1 (line 529)
                      ; - java.lang.invoke.Invokers$Holder::invokeExact_MT@10
                      ; - jdk.internal.reflect.DirectMethodHandleAccessor::invokeImpl@104 (line 157)
                      ; - jdk.internal.reflect.DirectMethodHandleAccessor::invoke@23 (line 103)
                      ;   {metadata({method} {0x00007fe4c73de628} 'checkCustomized' '(Ljava/lang/invoke/MethodHandle;)V' in 'java/lang/invoke/Invokers')}
  0x00007fe52891a5c8: 0749 ba28 | e63d c7e4 | 7f00 004c | 8954 2408 | 48c7 0424 | ffff ffff 

  0x00007fe52891a5e0: ;   {runtime_call counter_overflow Runtime1 stub}
  0x00007fe52891a5e0: e89b 7306 

  0x00007fe52891a5e4: ; ImmutableOopMap {rsi=Oop rdx=Oop rdi=Oop [176]=Oop [184]=Oop [192]=Oop [200]=Oop }
                      ;*synchronization entry
                      ; - java.lang.invoke.Invokers::checkCustomized@-1 (line 623)
                      ; - java.lang.invoke.Invokers$Holder::invokeExact_MT@14
                      ; - jdk.internal.reflect.DirectMethodHandleAccessor::invokeImpl@104 (line 157)
                      ; - jdk.internal.reflect.DirectMethodHandleAccessor::invoke@23 (line 103)
  0x00007fe52891a5e4: 07e9 b8e5 

  0x00007fe52891a5e8: ;   {metadata({method} {0x00007fe4c7096af8} 'isCompileConstant' '(Ljava/lang/Object;)Z' in 'java/lang/invoke/MethodHandleImpl')}
  0x00007fe52891a5e8: ffff 49ba | f86a 09c7 | e47f 0000 | 4c89 5424 | 0848 c704 | 24ff ffff 

  0x00007fe52891a600: ;   {runtime_call counter_overflow Runtime1 stub}
  0x00007fe52891a600: ffe8 7a73 

  0x00007fe52891a604: ; ImmutableOopMap {rsi=Oop rdx=Oop rdi=Oop [176]=Oop [184]=Oop [192]=Oop [200]=Oop }
                      ;*synchronization entry
                      ; - java.lang.invoke.MethodHandleImpl::isCompileConstant@-1 (line 618)
                      ; - java.lang.invoke.Invokers::checkCustomized@1 (line 623)
                      ; - java.lang.invoke.Invokers$Holder::invokeExact_MT@14
                      ; - jdk.internal.reflect.DirectMethodHandleAccessor::invokeImpl@104 (line 157)
                      ; - jdk.internal.reflect.DirectMethodHandleAccessor::invoke@23 (line 103)
  0x00007fe52891a604: 0607 e9cf 

  0x00007fe52891a608: ;   {runtime_call throw_null_pointer_exception Runtime1 stub}
  0x00007fe52891a608: e5ff ffe8 

  0x00007fe52891a60c: ; ImmutableOopMap {rsi=Oop rdx=Oop rdi=Oop [176]=Oop [184]=Oop [192]=Oop [200]=Oop }
                      ;*getfield customized {reexecute=1 rethrow=0 return_oop=0}
                      ; - (reexecute) java.lang.invoke.Invokers::checkCustomized@12 (line 626)
                      ; - java.lang.invoke.Invokers$Holder::invokeExact_MT@14
                      ; - jdk.internal.reflect.DirectMethodHandleAccessor::invokeImpl@104 (line 157)
                      ; - jdk.internal.reflect.DirectMethodHandleAccessor::invoke@23 (line 103)
  0x00007fe52891a60c: 7001 0607 

  0x00007fe52891a610: ;   {internal_word}
  0x00007fe52891a610: 49ba 328d | 9128 e57f | 0000 4d89 | 9760 0400 

  0x00007fe52891a620: ;   {runtime_call SafepointBlob}
  0x00007fe52891a620: 00e9 da99 

  0x00007fe52891a624: ;   {runtime_call throw_null_pointer_exception Runtime1 stub}
  0x00007fe52891a624: f906 e855 

  0x00007fe52891a628: ; ImmutableOopMap {rdx=Oop rcx=Oop rsi=Oop rdi=Oop [176]=Oop [184]=Oop [192]=Oop [216]=Oop }
                      ;*aaload {reexecute=0 rethrow=0 return_oop=0}
                      ; - jdk.internal.reflect.DirectMethodHandleAccessor::invokeImpl@85 (line 156)
                      ; - jdk.internal.reflect.DirectMethodHandleAccessor::invoke@23 (line 103)
                      ;   {runtime_call throw_null_pointer_exception Runtime1 stub}
  0x00007fe52891a628: 0106 07e8 

  0x00007fe52891a62c: ; ImmutableOopMap {rdx=Oop rcx=Oop rsi=Oop rdi=Oop [176]=Oop [184]=Oop [192]=Oop [216]=Oop }
                      ;*aaload {reexecute=0 rethrow=0 return_oop=0}
                      ; - jdk.internal.reflect.DirectMethodHandleAccessor::invokeImpl@85 (line 156)
                      ; - jdk.internal.reflect.DirectMethodHandleAccessor::invoke@23 (line 103)
  0x00007fe52891a62c: 5001 0607 | 48c7 0424 | 0000 0000 | 4889 4c24 

  0x00007fe52891a63c: ;   {runtime_call throw_range_check_failed Runtime1 stub}
  0x00007fe52891a63c: 08e8 beea 

  0x00007fe52891a640: ; ImmutableOopMap {rdx=Oop rcx=Oop rsi=Oop rdi=Oop [176]=Oop [184]=Oop [192]=Oop [216]=Oop }
                      ;*aaload {reexecute=0 rethrow=0 return_oop=0}
                      ; - jdk.internal.reflect.DirectMethodHandleAccessor::invokeImpl@85 (line 156)
                      ; - jdk.internal.reflect.DirectMethodHandleAccessor::invoke@23 (line 103)
  0x00007fe52891a640: 0507 48c7 | 0424 0100 | 0000 4889 

  0x00007fe52891a64c: ;   {runtime_call throw_range_check_failed Runtime1 stub}
  0x00007fe52891a64c: 4c24 08e8 

  0x00007fe52891a650: ; ImmutableOopMap {rdx=Oop rcx=Oop rsi=Oop rdi=Oop rbx=Oop [176]=Oop [184]=Oop [192]=Oop [208]=Oop [216]=Oop }
                      ;*aaload {reexecute=0 rethrow=0 return_oop=0}
                      ; - jdk.internal.reflect.DirectMethodHandleAccessor::invokeImpl@88 (line 156)
                      ; - jdk.internal.reflect.DirectMethodHandleAccessor::invoke@23 (line 103)
  0x00007fe52891a650: acea 0507 | 48c7 0424 | 0200 0000 | 4889 4c24 

  0x00007fe52891a660: ;   {runtime_call throw_range_check_failed Runtime1 stub}
  0x00007fe52891a660: 08e8 9aea 

  0x00007fe52891a664: ; ImmutableOopMap {rdx=Oop rcx=Oop rsi=Oop rdi=Oop rbx=Oop rax=Oop [176]=Oop [184]=Oop [192]=Oop [208]=Oop [216]=Oop [224]=Oop }
                      ;*aaload {reexecute=0 rethrow=0 return_oop=0}
                      ; - jdk.internal.reflect.DirectMethodHandleAccessor::invokeImpl@91 (line 156)
                      ; - jdk.internal.reflect.DirectMethodHandleAccessor::invoke@23 (line 103)
                      ;   {metadata({method} {0x00007fe4c35942b0} 'invokeExact_MT' '(Ljava/lang/Object;Ljava/lang/Object;Ljava/lang/Object;Ljava/lang/Object;Ljava/lang/Object;Ljava/lang/Object;)Ljava/lang/Object;' in 'java/lang/invoke/LambdaForm$MH+0x00007fe4c8094000')}
  0x00007fe52891a664: 0507 49ba | b042 59c3 | e47f 0000 | 4c89 5424 | 0848 c704 | 24ff ffff 

  0x00007fe52891a67c: ;   {runtime_call counter_overflow Runtime1 stub}
  0x00007fe52891a67c: ffe8 fe72 

  0x00007fe52891a680: ; ImmutableOopMap {rdx=Oop rcx=Oop rsi=Oop rdi=Oop rbx=Oop rax=Oop r8=Oop [176]=Oop [184]=Oop [192]=Oop [208]=Oop [216]=Oop [224]=Oop [232]=Oop }
                      ;*synchronization entry
                      ; - java.lang.invoke.LambdaForm$MH/0x00007fe4c8094000::invokeExact_MT@-1
                      ; - jdk.internal.reflect.DirectMethodHandleAccessor::invokeImpl@92 (line 156)
                      ; - jdk.internal.reflect.DirectMethodHandleAccessor::invoke@23 (line 103)
  0x00007fe52891a680: 0607 e960 

  0x00007fe52891a684: ;   {metadata({method} {0x00007fe4c73de730} 'checkExactType' '(Ljava/lang/invoke/MethodHandle;Ljava/lang/invoke/MethodType;)V' in 'java/lang/invoke/Invokers')}
  0x00007fe52891a684: e8ff ff49 | ba30 e73d | c7e4 7f00 | 004c 8954 | 2408 48c7 | 0424 ffff 

  0x00007fe52891a69c: ;   {runtime_call counter_overflow Runtime1 stub}
  0x00007fe52891a69c: ffff e8dd 

  0x00007fe52891a6a0: ; ImmutableOopMap {rdx=Oop rcx=Oop rsi=Oop rdi=Oop rbx=Oop rax=Oop r8=Oop r11=Oop [176]=Oop [184]=Oop [192]=Oop [208]=Oop [216]=Oop [224]=Oop [232]=Oop }
                      ;*synchronization entry
                      ; - java.lang.invoke.Invokers::checkExactType@-1 (line 529)
                      ; - java.lang.invoke.LambdaForm$MH/0x00007fe4c8094000::invokeExact_MT@11
                      ; - jdk.internal.reflect.DirectMethodHandleAccessor::invokeImpl@92 (line 156)
                      ; - jdk.internal.reflect.DirectMethodHandleAccessor::invoke@23 (line 103)
  0x00007fe52891a6a0: 7206 07e9 | eae8 ffff 

  0x00007fe52891a6a8: ;   {runtime_call throw_null_pointer_exception Runtime1 stub}
  0x00007fe52891a6a8: e8d3 0006 

  0x00007fe52891a6ac: ; ImmutableOopMap {rdx=Oop rcx=Oop rsi=Oop rdi=Oop rbx=Oop rax=Oop r8=Oop r11=Oop [176]=Oop [184]=Oop [192]=Oop [208]=Oop [216]=Oop [224]=Oop [232]=Oop }
                      ;*invokevirtual type {reexecute=0 rethrow=0 return_oop=0}
                      ; - java.lang.invoke.Invokers::checkExactType@1 (line 529)
                      ; - java.lang.invoke.LambdaForm$MH/0x00007fe4c8094000::invokeExact_MT@11
                      ; - jdk.internal.reflect.DirectMethodHandleAccessor::invokeImpl@92 (line 156)
                      ; - jdk.internal.reflect.DirectMethodHandleAccessor::invoke@23 (line 103)
                      ;   {metadata({method} {0x00007fe4c73de628} 'checkCustomized' '(Ljava/lang/invoke/MethodHandle;)V' in 'java/lang/invoke/Invokers')}
  0x00007fe52891a6ac: 0749 ba28 | e63d c7e4 | 7f00 004c | 8954 2408 | 48c7 0424 | ffff ffff 

  0x00007fe52891a6c4: ;   {runtime_call counter_overflow Runtime1 stub}
  0x00007fe52891a6c4: e8b7 7206 

  0x00007fe52891a6c8: ; ImmutableOopMap {rdx=Oop rcx=Oop rsi=Oop rdi=Oop rbx=Oop rax=Oop r8=Oop [176]=Oop [184]=Oop [192]=Oop [208]=Oop [216]=Oop [224]=Oop [232]=Oop }
                      ;*synchronization entry
                      ; - java.lang.invoke.Invokers::checkCustomized@-1 (line 623)
                      ; - java.lang.invoke.LambdaForm$MH/0x00007fe4c8094000::invokeExact_MT@15
                      ; - jdk.internal.reflect.DirectMethodHandleAccessor::invokeImpl@92 (line 156)
                      ; - jdk.internal.reflect.DirectMethodHandleAccessor::invoke@23 (line 103)
  0x00007fe52891a6c8: 07e9 0dea 

  0x00007fe52891a6cc: ;   {metadata({method} {0x00007fe4c7096af8} 'isCompileConstant' '(Ljava/lang/Object;)Z' in 'java/lang/invoke/MethodHandleImpl')}
  0x00007fe52891a6cc: ffff 49ba | f86a 09c7 | e47f 0000 | 4c89 5424 | 0848 c704 | 24ff ffff 

  0x00007fe52891a6e4: ;   {runtime_call counter_overflow Runtime1 stub}
  0x00007fe52891a6e4: ffe8 9672 

  0x00007fe52891a6e8: ; ImmutableOopMap {rdx=Oop rcx=Oop rsi=Oop rdi=Oop rbx=Oop rax=Oop r8=Oop [176]=Oop [184]=Oop [192]=Oop [208]=Oop [216]=Oop [224]=Oop [232]=Oop }
                      ;*synchronization entry
                      ; - java.lang.invoke.MethodHandleImpl::isCompileConstant@-1 (line 618)
                      ; - java.lang.invoke.Invokers::checkCustomized@1 (line 623)
                      ; - java.lang.invoke.LambdaForm$MH/0x00007fe4c8094000::invokeExact_MT@15
                      ; - jdk.internal.reflect.DirectMethodHandleAccessor::invokeImpl@92 (line 156)
                      ; - jdk.internal.reflect.DirectMethodHandleAccessor::invoke@23 (line 103)
  0x00007fe52891a6e8: 0607 e92a 

  0x00007fe52891a6ec: ;   {runtime_call throw_null_pointer_exception Runtime1 stub}
  0x00007fe52891a6ec: eaff ffe8 

  0x00007fe52891a6f0: ; ImmutableOopMap {rdx=Oop rcx=Oop rsi=Oop rdi=Oop rbx=Oop rax=Oop r8=Oop [176]=Oop [184]=Oop [192]=Oop [208]=Oop [216]=Oop [224]=Oop [232]=Oop }
                      ;*getfield customized {reexecute=1 rethrow=0 return_oop=0}
                      ; - (reexecute) java.lang.invoke.Invokers::checkCustomized@12 (line 626)
                      ; - java.lang.invoke.LambdaForm$MH/0x00007fe4c8094000::invokeExact_MT@15
                      ; - jdk.internal.reflect.DirectMethodHandleAccessor::invokeImpl@92 (line 156)
                      ; - jdk.internal.reflect.DirectMethodHandleAccessor::invoke@23 (line 103)
  0x00007fe52891a6f0: 8c00 0607 

  0x00007fe52891a6f4: ;   {internal_word}
  0x00007fe52891a6f4: 49ba 3f93 | 9128 e57f | 0000 4d89 | 9760 0400 

  0x00007fe52891a704: ;   {runtime_call SafepointBlob}
  0x00007fe52891a704: 00e9 f698 

  0x00007fe52891a708: ;   {runtime_call throw_null_pointer_exception Runtime1 stub}
  0x00007fe52891a708: f906 e871 

  0x00007fe52891a70c: ; ImmutableOopMap {rdx=Oop rcx=Oop rsi=Oop rdi=Oop [176]=Oop [184]=Oop [192]=Oop [248]=Oop }
                      ;*aaload {reexecute=0 rethrow=0 return_oop=0}
                      ; - jdk.internal.reflect.DirectMethodHandleAccessor::invokeImpl@68 (line 155)
                      ; - jdk.internal.reflect.DirectMethodHandleAccessor::invoke@23 (line 103)
                      ;   {runtime_call throw_null_pointer_exception Runtime1 stub}
  0x00007fe52891a70c: 0006 07e8 

  0x00007fe52891a710: ; ImmutableOopMap {rdx=Oop rcx=Oop rsi=Oop rdi=Oop [176]=Oop [184]=Oop [192]=Oop [248]=Oop }
                      ;*aaload {reexecute=0 rethrow=0 return_oop=0}
                      ; - jdk.internal.reflect.DirectMethodHandleAccessor::invokeImpl@68 (line 155)
                      ; - jdk.internal.reflect.DirectMethodHandleAccessor::invoke@23 (line 103)
  0x00007fe52891a710: 6c00 0607 | 48c7 0424 | 0000 0000 | 4889 4c24 

  0x00007fe52891a720: ;   {runtime_call throw_range_check_failed Runtime1 stub}
  0x00007fe52891a720: 08e8 dae9 

  0x00007fe52891a724: ; ImmutableOopMap {rdx=Oop rcx=Oop rsi=Oop rdi=Oop [176]=Oop [184]=Oop [192]=Oop [248]=Oop }
                      ;*aaload {reexecute=0 rethrow=0 return_oop=0}
                      ; - jdk.internal.reflect.DirectMethodHandleAccessor::invokeImpl@68 (line 155)
                      ; - jdk.internal.reflect.DirectMethodHandleAccessor::invoke@23 (line 103)
  0x00007fe52891a724: 0507 48c7 | 0424 0100 | 0000 4889 

  0x00007fe52891a730: ;   {runtime_call throw_range_check_failed Runtime1 stub}
  0x00007fe52891a730: 4c24 08e8 

  0x00007fe52891a734: ; ImmutableOopMap {rdx=Oop rcx=Oop rsi=Oop rdi=Oop rbx=Oop [176]=Oop [184]=Oop [192]=Oop [240]=Oop [248]=Oop }
                      ;*aaload {reexecute=0 rethrow=0 return_oop=0}
                      ; - jdk.internal.reflect.DirectMethodHandleAccessor::invokeImpl@71 (line 155)
                      ; - jdk.internal.reflect.DirectMethodHandleAccessor::invoke@23 (line 103)
  0x00007fe52891a734: c8e9 0507 

  0x00007fe52891a738: ;   {metadata({method} {0x00007fe4c367a2b0} 'invokeExact_MT' '(Ljava/lang/Object;Ljava/lang/Object;Ljava/lang/Object;Ljava/lang/Object;Ljava/lang/Object;)Ljava/lang/Object;' in 'java/lang/invoke/LambdaForm$MH+0x00007fe4c80ca000')}
  0x00007fe52891a738: 49ba b0a2 | 67c3 e47f | 0000 4c89 | 5424 0848 | c704 24ff 

  0x00007fe52891a74c: ;   {runtime_call counter_overflow Runtime1 stub}
  0x00007fe52891a74c: ffff ffe8 

  0x00007fe52891a750: ; ImmutableOopMap {rdx=Oop rcx=Oop rsi=Oop rdi=Oop rbx=Oop rax=Oop [176]=Oop [184]=Oop [192]=Oop [240]=Oop [248]=Oop [256]=Oop }
                      ;*synchronization entry
                      ; - java.lang.invoke.LambdaForm$MH/0x00007fe4c80ca000::invokeExact_MT@-1
                      ; - jdk.internal.reflect.DirectMethodHandleAccessor::invokeImpl@72 (line 155)
                      ; - jdk.internal.reflect.DirectMethodHandleAccessor::invoke@23 (line 103)
  0x00007fe52891a750: 2c72 0607 | e9e8 ecff 

  0x00007fe52891a758: ;   {metadata({method} {0x00007fe4c73de730} 'checkExactType' '(Ljava/lang/invoke/MethodHandle;Ljava/lang/invoke/MethodType;)V' in 'java/lang/invoke/Invokers')}
  0x00007fe52891a758: ff49 ba30 | e73d c7e4 | 7f00 004c | 8954 2408 | 48c7 0424 | ffff ffff 

  0x00007fe52891a770: ;   {runtime_call counter_overflow Runtime1 stub}
  0x00007fe52891a770: e80b 7206 

  0x00007fe52891a774: ; ImmutableOopMap {rdx=Oop rcx=Oop rsi=Oop rdi=Oop rbx=Oop rax=Oop r9=Oop [176]=Oop [184]=Oop [192]=Oop [240]=Oop [248]=Oop [256]=Oop }
                      ;*synchronization entry
                      ; - java.lang.invoke.Invokers::checkExactType@-1 (line 529)
                      ; - java.lang.invoke.LambdaForm$MH/0x00007fe4c80ca000::invokeExact_MT@11
                      ; - jdk.internal.reflect.DirectMethodHandleAccessor::invokeImpl@72 (line 155)
                      ; - jdk.internal.reflect.DirectMethodHandleAccessor::invoke@23 (line 103)
  0x00007fe52891a774: 07e9 44ed 

  0x00007fe52891a778: ;   {runtime_call throw_null_pointer_exception Runtime1 stub}
  0x00007fe52891a778: ffff e801 

  0x00007fe52891a77c: ; ImmutableOopMap {rdx=Oop rcx=Oop rsi=Oop rdi=Oop rbx=Oop rax=Oop r9=Oop [176]=Oop [184]=Oop [192]=Oop [240]=Oop [248]=Oop [256]=Oop }
                      ;*invokevirtual type {reexecute=0 rethrow=0 return_oop=0}
                      ; - java.lang.invoke.Invokers::checkExactType@1 (line 529)
                      ; - java.lang.invoke.LambdaForm$MH/0x00007fe4c80ca000::invokeExact_MT@11
                      ; - jdk.internal.reflect.DirectMethodHandleAccessor::invokeImpl@72 (line 155)
                      ; - jdk.internal.reflect.DirectMethodHandleAccessor::invoke@23 (line 103)
                      ;   {metadata({method} {0x00007fe4c73de628} 'checkCustomized' '(Ljava/lang/invoke/MethodHandle;)V' in 'java/lang/invoke/Invokers')}
  0x00007fe52891a77c: 0006 0749 | ba28 e63d | c7e4 7f00 | 004c 8954 | 2408 48c7 | 0424 ffff 

  0x00007fe52891a794: ;   {runtime_call counter_overflow Runtime1 stub}
  0x00007fe52891a794: ffff e8e5 

  0x00007fe52891a798: ; ImmutableOopMap {rdx=Oop rcx=Oop rsi=Oop rdi=Oop rbx=Oop rax=Oop [176]=Oop [184]=Oop [192]=Oop [240]=Oop [248]=Oop [256]=Oop }
                      ;*synchronization entry
                      ; - java.lang.invoke.Invokers::checkCustomized@-1 (line 623)
                      ; - java.lang.invoke.LambdaForm$MH/0x00007fe4c80ca000::invokeExact_MT@15
                      ; - jdk.internal.reflect.DirectMethodHandleAccessor::invokeImpl@72 (line 155)
                      ; - jdk.internal.reflect.DirectMethodHandleAccessor::invoke@23 (line 103)
  0x00007fe52891a798: 7106 07e9 | 2aee ffff 

  0x00007fe52891a7a0: ;   {metadata({method} {0x00007fe4c7096af8} 'isCompileConstant' '(Ljava/lang/Object;)Z' in 'java/lang/invoke/MethodHandleImpl')}
  0x00007fe52891a7a0: 49ba f86a | 09c7 e47f | 0000 4c89 | 5424 0848 | c704 24ff 

  0x00007fe52891a7b4: ;   {runtime_call counter_overflow Runtime1 stub}
  0x00007fe52891a7b4: ffff ffe8 

  0x00007fe52891a7b8: ; ImmutableOopMap {rdx=Oop rcx=Oop rsi=Oop rdi=Oop rbx=Oop rax=Oop [176]=Oop [184]=Oop [192]=Oop [240]=Oop [248]=Oop [256]=Oop }
                      ;*synchronization entry
                      ; - java.lang.invoke.MethodHandleImpl::isCompileConstant@-1 (line 618)
                      ; - java.lang.invoke.Invokers::checkCustomized@1 (line 623)
                      ; - java.lang.invoke.LambdaForm$MH/0x00007fe4c80ca000::invokeExact_MT@15
                      ; - jdk.internal.reflect.DirectMethodHandleAccessor::invokeImpl@72 (line 155)
                      ; - jdk.internal.reflect.DirectMethodHandleAccessor::invoke@23 (line 103)
  0x00007fe52891a7b8: c471 0607 | e947 eeff 

  0x00007fe52891a7c0: ;   {runtime_call throw_null_pointer_exception Runtime1 stub}
  0x00007fe52891a7c0: ffe8 baff 

  0x00007fe52891a7c4: ; ImmutableOopMap {rdx=Oop rcx=Oop rsi=Oop rdi=Oop rbx=Oop rax=Oop [176]=Oop [184]=Oop [192]=Oop [240]=Oop [248]=Oop [256]=Oop }
                      ;*getfield customized {reexecute=1 rethrow=0 return_oop=0}
                      ; - (reexecute) java.lang.invoke.Invokers::checkCustomized@12 (line 626)
                      ; - java.lang.invoke.LambdaForm$MH/0x00007fe4c80ca000::invokeExact_MT@15
                      ; - jdk.internal.reflect.DirectMethodHandleAccessor::invokeImpl@72 (line 155)
                      ; - jdk.internal.reflect.DirectMethodHandleAccessor::invoke@23 (line 103)
                      ;   {internal_word}
  0x00007fe52891a7c4: 0507 49ba | 2497 9128 | e57f 0000 | 4d89 9760 

  0x00007fe52891a7d4: ;   {runtime_call SafepointBlob}
  0x00007fe52891a7d4: 0400 00e9 | 2498 f906 

  0x00007fe52891a7dc: ;   {runtime_call throw_null_pointer_exception Runtime1 stub}
  0x00007fe52891a7dc: e89f ff05 

  0x00007fe52891a7e0: ; ImmutableOopMap {rcx=Oop rsi=Oop rdx=Oop rdi=Oop [176]=Oop [184]=Oop [192]=Oop [272]=Oop }
                      ;*aaload {reexecute=0 rethrow=0 return_oop=0}
                      ; - jdk.internal.reflect.DirectMethodHandleAccessor::invokeImpl@54 (line 154)
                      ; - jdk.internal.reflect.DirectMethodHandleAccessor::invoke@23 (line 103)
                      ;   {runtime_call throw_null_pointer_exception Runtime1 stub}
  0x00007fe52891a7e0: 07e8 9aff 

  0x00007fe52891a7e4: ; ImmutableOopMap {rcx=Oop rsi=Oop rdx=Oop rdi=Oop [176]=Oop [184]=Oop [192]=Oop [272]=Oop }
                      ;*aaload {reexecute=0 rethrow=0 return_oop=0}
                      ; - jdk.internal.reflect.DirectMethodHandleAccessor::invokeImpl@54 (line 154)
                      ; - jdk.internal.reflect.DirectMethodHandleAccessor::invoke@23 (line 103)
  0x00007fe52891a7e4: 0507 48c7 | 0424 0000 | 0000 4889 

  0x00007fe52891a7f0: ;   {runtime_call throw_range_check_failed Runtime1 stub}
  0x00007fe52891a7f0: 4c24 08e8 

  0x00007fe52891a7f4: ; ImmutableOopMap {rcx=Oop rsi=Oop rdx=Oop rdi=Oop [176]=Oop [184]=Oop [192]=Oop [272]=Oop }
                      ;*aaload {reexecute=0 rethrow=0 return_oop=0}
                      ; - jdk.internal.reflect.DirectMethodHandleAccessor::invokeImpl@54 (line 154)
                      ; - jdk.internal.reflect.DirectMethodHandleAccessor::invoke@23 (line 103)
  0x00007fe52891a7f4: 08e9 0507 

  0x00007fe52891a7f8: ;   {metadata({method} {0x00007fe4c70b0908} 'invokeExact_MT' '(Ljava/lang/Object;Ljava/lang/Object;Ljava/lang/Object;Ljava/lang/Object;)Ljava/lang/Object;' in 'java/lang/invoke/Invokers$Holder')}
  0x00007fe52891a7f8: 49ba 0809 | 0bc7 e47f | 0000 4c89 | 5424 0848 | c704 24ff 

  0x00007fe52891a80c: ;   {runtime_call counter_overflow Runtime1 stub}
  0x00007fe52891a80c: ffff ffe8 

  0x00007fe52891a810: ; ImmutableOopMap {rcx=Oop rsi=Oop rdx=Oop rdi=Oop rbx=Oop [176]=Oop [184]=Oop [192]=Oop [264]=Oop [272]=Oop }
                      ;*synchronization entry
                      ; - java.lang.invoke.Invokers$Holder::invokeExact_MT@-1
                      ; - jdk.internal.reflect.DirectMethodHandleAccessor::invokeImpl@55 (line 154)
                      ; - jdk.internal.reflect.DirectMethodHandleAccessor::invoke@23 (line 103)
  0x00007fe52891a810: 6c71 0607 | e9e2 efff 

  0x00007fe52891a818: ;   {metadata({method} {0x00007fe4c73de730} 'checkExactType' '(Ljava/lang/invoke/MethodHandle;Ljava/lang/invoke/MethodType;)V' in 'java/lang/invoke/Invokers')}
  0x00007fe52891a818: ff49 ba30 | e73d c7e4 | 7f00 004c | 8954 2408 | 48c7 0424 | ffff ffff 

  0x00007fe52891a830: ;   {runtime_call counter_overflow Runtime1 stub}
  0x00007fe52891a830: e84b 7106 

  0x00007fe52891a834: ; ImmutableOopMap {rcx=Oop rsi=Oop rdx=Oop rdi=Oop rbx=Oop r8=Oop [176]=Oop [184]=Oop [192]=Oop [264]=Oop [272]=Oop }
                      ;*synchronization entry
                      ; - java.lang.invoke.Invokers::checkExactType@-1 (line 529)
                      ; - java.lang.invoke.Invokers$Holder::invokeExact_MT@10
                      ; - jdk.internal.reflect.DirectMethodHandleAccessor::invokeImpl@55 (line 154)
                      ; - jdk.internal.reflect.DirectMethodHandleAccessor::invoke@23 (line 103)
  0x00007fe52891a834: 07e9 3cf0 

  0x00007fe52891a838: ;   {runtime_call throw_null_pointer_exception Runtime1 stub}
  0x00007fe52891a838: ffff e841 

  0x00007fe52891a83c: ; ImmutableOopMap {rcx=Oop rsi=Oop rdx=Oop rdi=Oop rbx=Oop r8=Oop [176]=Oop [184]=Oop [192]=Oop [264]=Oop [272]=Oop }
                      ;*invokevirtual type {reexecute=0 rethrow=0 return_oop=0}
                      ; - java.lang.invoke.Invokers::checkExactType@1 (line 529)
                      ; - java.lang.invoke.Invokers$Holder::invokeExact_MT@10
                      ; - jdk.internal.reflect.DirectMethodHandleAccessor::invokeImpl@55 (line 154)
                      ; - jdk.internal.reflect.DirectMethodHandleAccessor::invoke@23 (line 103)
                      ;   {metadata({method} {0x00007fe4c73de628} 'checkCustomized' '(Ljava/lang/invoke/MethodHandle;)V' in 'java/lang/invoke/Invokers')}
  0x00007fe52891a83c: ff05 0749 | ba28 e63d | c7e4 7f00 | 004c 8954 | 2408 48c7 | 0424 ffff 

  0x00007fe52891a854: ;   {runtime_call counter_overflow Runtime1 stub}
  0x00007fe52891a854: ffff e825 

  0x00007fe52891a858: ; ImmutableOopMap {rcx=Oop rsi=Oop rdx=Oop rdi=Oop rbx=Oop [176]=Oop [184]=Oop [192]=Oop [264]=Oop [272]=Oop }
                      ;*synchronization entry
                      ; - java.lang.invoke.Invokers::checkCustomized@-1 (line 623)
                      ; - java.lang.invoke.Invokers$Holder::invokeExact_MT@14
                      ; - jdk.internal.reflect.DirectMethodHandleAccessor::invokeImpl@55 (line 154)
                      ; - jdk.internal.reflect.DirectMethodHandleAccessor::invoke@23 (line 103)
  0x00007fe52891a858: 7106 07e9 | 20f1 ffff 

  0x00007fe52891a860: ;   {metadata({method} {0x00007fe4c7096af8} 'isCompileConstant' '(Ljava/lang/Object;)Z' in 'java/lang/invoke/MethodHandleImpl')}
  0x00007fe52891a860: 49ba f86a | 09c7 e47f | 0000 4c89 | 5424 0848 | c704 24ff 

  0x00007fe52891a874: ;   {runtime_call counter_overflow Runtime1 stub}
  0x00007fe52891a874: ffff ffe8 

  0x00007fe52891a878: ; ImmutableOopMap {rcx=Oop rsi=Oop rdx=Oop rdi=Oop rbx=Oop [176]=Oop [184]=Oop [192]=Oop [264]=Oop [272]=Oop }
                      ;*synchronization entry
                      ; - java.lang.invoke.MethodHandleImpl::isCompileConstant@-1 (line 618)
                      ; - java.lang.invoke.Invokers::checkCustomized@1 (line 623)
                      ; - java.lang.invoke.Invokers$Holder::invokeExact_MT@14
                      ; - jdk.internal.reflect.DirectMethodHandleAccessor::invokeImpl@55 (line 154)
                      ; - jdk.internal.reflect.DirectMethodHandleAccessor::invoke@23 (line 103)
  0x00007fe52891a878: 0471 0607 | e93d f1ff 

  0x00007fe52891a880: ;   {runtime_call throw_null_pointer_exception Runtime1 stub}
  0x00007fe52891a880: ffe8 fafe 

  0x00007fe52891a884: ; ImmutableOopMap {rcx=Oop rsi=Oop rdx=Oop rdi=Oop rbx=Oop [176]=Oop [184]=Oop [192]=Oop [264]=Oop [272]=Oop }
                      ;*getfield customized {reexecute=1 rethrow=0 return_oop=0}
                      ; - (reexecute) java.lang.invoke.Invokers::checkCustomized@12 (line 626)
                      ; - java.lang.invoke.Invokers$Holder::invokeExact_MT@14
                      ; - jdk.internal.reflect.DirectMethodHandleAccessor::invokeImpl@55 (line 154)
                      ; - jdk.internal.reflect.DirectMethodHandleAccessor::invoke@23 (line 103)
                      ;   {internal_word}
  0x00007fe52891a884: 0507 49ba | ec9a 9128 | e57f 0000 | 4d89 9760 

  0x00007fe52891a894: ;   {runtime_call SafepointBlob}
  0x00007fe52891a894: 0400 00e9 | 6497 f906 

  0x00007fe52891a89c: ;   {metadata({method} {0x00007fe4c70b09b8} 'invokeExact_MT' '(Ljava/lang/Object;Ljava/lang/Object;Ljava/lang/Object;)Ljava/lang/Object;' in 'java/lang/invoke/Invokers$Holder')}
  0x00007fe52891a89c: 49ba b809 | 0bc7 e47f | 0000 4c89 | 5424 0848 | c704 24ff 

  0x00007fe52891a8b0: ;   {runtime_call counter_overflow Runtime1 stub}
  0x00007fe52891a8b0: ffff ffe8 

  0x00007fe52891a8b4: ; ImmutableOopMap {rsi=Oop rdi=Oop [176]=Oop [184]=Oop [192]=Oop [280]=Oop }
                      ;*synchronization entry
                      ; - java.lang.invoke.Invokers$Holder::invokeExact_MT@-1
                      ; - jdk.internal.reflect.DirectMethodHandleAccessor::invokeImpl@41 (line 153)
                      ; - jdk.internal.reflect.DirectMethodHandleAccessor::invoke@23 (line 103)
  0x00007fe52891a8b4: c870 0607 | e9a4 f2ff 

  0x00007fe52891a8bc: ;   {metadata({method} {0x00007fe4c73de730} 'checkExactType' '(Ljava/lang/invoke/MethodHandle;Ljava/lang/invoke/MethodType;)V' in 'java/lang/invoke/Invokers')}
  0x00007fe52891a8bc: ff49 ba30 | e73d c7e4 | 7f00 004c | 8954 2408 | 48c7 0424 | ffff ffff 

  0x00007fe52891a8d4: ;   {runtime_call counter_overflow Runtime1 stub}
  0x00007fe52891a8d4: e8a7 7006 

  0x00007fe52891a8d8: ; ImmutableOopMap {rsi=Oop rdi=Oop rax=Oop [176]=Oop [184]=Oop [192]=Oop [280]=Oop }
                      ;*synchronization entry
                      ; - java.lang.invoke.Invokers::checkExactType@-1 (line 529)
                      ; - java.lang.invoke.Invokers$Holder::invokeExact_MT@10
                      ; - jdk.internal.reflect.DirectMethodHandleAccessor::invokeImpl@41 (line 153)
                      ; - jdk.internal.reflect.DirectMethodHandleAccessor::invoke@23 (line 103)
  0x00007fe52891a8d8: 07e9 f9f2 

  0x00007fe52891a8dc: ;   {runtime_call throw_null_pointer_exception Runtime1 stub}
  0x00007fe52891a8dc: ffff e89d 

  0x00007fe52891a8e0: ; ImmutableOopMap {rsi=Oop rdi=Oop rax=Oop [176]=Oop [184]=Oop [192]=Oop [280]=Oop }
                      ;*invokevirtual type {reexecute=0 rethrow=0 return_oop=0}
                      ; - java.lang.invoke.Invokers::checkExactType@1 (line 529)
                      ; - java.lang.invoke.Invokers$Holder::invokeExact_MT@10
                      ; - jdk.internal.reflect.DirectMethodHandleAccessor::invokeImpl@41 (line 153)
                      ; - jdk.internal.reflect.DirectMethodHandleAccessor::invoke@23 (line 103)
                      ;   {metadata({method} {0x00007fe4c73de628} 'checkCustomized' '(Ljava/lang/invoke/MethodHandle;)V' in 'java/lang/invoke/Invokers')}
  0x00007fe52891a8e0: fe05 0749 | ba28 e63d | c7e4 7f00 | 004c 8954 | 2408 48c7 | 0424 ffff 

  0x00007fe52891a8f8: ;   {runtime_call counter_overflow Runtime1 stub}
  0x00007fe52891a8f8: ffff e881 

  0x00007fe52891a8fc: ; ImmutableOopMap {rsi=Oop rdi=Oop [176]=Oop [184]=Oop [192]=Oop [280]=Oop }
                      ;*synchronization entry
                      ; - java.lang.invoke.Invokers::checkCustomized@-1 (line 623)
                      ; - java.lang.invoke.Invokers$Holder::invokeExact_MT@14
                      ; - jdk.internal.reflect.DirectMethodHandleAccessor::invokeImpl@41 (line 153)
                      ; - jdk.internal.reflect.DirectMethodHandleAccessor::invoke@23 (line 103)
  0x00007fe52891a8fc: 7006 07e9 | d7f3 ffff 

  0x00007fe52891a904: ;   {metadata({method} {0x00007fe4c7096af8} 'isCompileConstant' '(Ljava/lang/Object;)Z' in 'java/lang/invoke/MethodHandleImpl')}
  0x00007fe52891a904: 49ba f86a | 09c7 e47f | 0000 4c89 | 5424 0848 | c704 24ff 

  0x00007fe52891a918: ;   {runtime_call counter_overflow Runtime1 stub}
  0x00007fe52891a918: ffff ffe8 

  0x00007fe52891a91c: ; ImmutableOopMap {rsi=Oop rdi=Oop [176]=Oop [184]=Oop [192]=Oop [280]=Oop }
                      ;*synchronization entry
                      ; - java.lang.invoke.MethodHandleImpl::isCompileConstant@-1 (line 618)
                      ; - java.lang.invoke.Invokers::checkCustomized@1 (line 623)
                      ; - java.lang.invoke.Invokers$Holder::invokeExact_MT@14
                      ; - jdk.internal.reflect.DirectMethodHandleAccessor::invokeImpl@41 (line 153)
                      ; - jdk.internal.reflect.DirectMethodHandleAccessor::invoke@23 (line 103)
  0x00007fe52891a91c: 6070 0607 | e9ee f3ff 

  0x00007fe52891a924: ;   {runtime_call throw_null_pointer_exception Runtime1 stub}
  0x00007fe52891a924: ffe8 56fe 

  0x00007fe52891a928: ; ImmutableOopMap {rsi=Oop rdi=Oop [176]=Oop [184]=Oop [192]=Oop [280]=Oop }
                      ;*getfield customized {reexecute=1 rethrow=0 return_oop=0}
                      ; - (reexecute) java.lang.invoke.Invokers::checkCustomized@12 (line 626)
                      ; - java.lang.invoke.Invokers$Holder::invokeExact_MT@14
                      ; - jdk.internal.reflect.DirectMethodHandleAccessor::invokeImpl@41 (line 153)
                      ; - jdk.internal.reflect.DirectMethodHandleAccessor::invoke@23 (line 103)
                      ;   {internal_word}
  0x00007fe52891a928: 0507 49ba | d49d 9128 | e57f 0000 | 4d89 9760 

  0x00007fe52891a938: ;   {runtime_call SafepointBlob}
  0x00007fe52891a938: 0400 00e9 | c096 f906 

  0x00007fe52891a940: ;   {runtime_call throw_null_pointer_exception Runtime1 stub}
  0x00007fe52891a940: e83b fe05 

  0x00007fe52891a944: ; ImmutableOopMap {rax=Oop [176]=Oop [184]=Oop [192]=Oop [280]=Oop [288]=Oop }
                      ;*athrow {reexecute=1 rethrow=0 return_oop=0}
                      ; - (reexecute) java.lang.invoke.Invokers::checkExactType@15 (line 531)
                      ; - java.lang.invoke.Invokers$Holder::invokeExact_MT@10
                      ; - jdk.internal.reflect.DirectMethodHandleAccessor::invokeImpl@41 (line 153)
                      ; - jdk.internal.reflect.DirectMethodHandleAccessor::invoke@23 (line 103)
                      ;   {runtime_call throw_null_pointer_exception Runtime1 stub}
  0x00007fe52891a944: 07e8 36fe 

  0x00007fe52891a948: ; ImmutableOopMap {rax=Oop [176]=Oop [184]=Oop [192]=Oop [264]=Oop [272]=Oop [296]=Oop }
                      ;*athrow {reexecute=1 rethrow=0 return_oop=0}
                      ; - (reexecute) java.lang.invoke.Invokers::checkExactType@15 (line 531)
                      ; - java.lang.invoke.Invokers$Holder::invokeExact_MT@10
                      ; - jdk.internal.reflect.DirectMethodHandleAccessor::invokeImpl@55 (line 154)
                      ; - jdk.internal.reflect.DirectMethodHandleAccessor::invoke@23 (line 103)
                      ;   {runtime_call throw_null_pointer_exception Runtime1 stub}
  0x00007fe52891a948: 0507 e831 

  0x00007fe52891a94c: ; ImmutableOopMap {rax=Oop [176]=Oop [184]=Oop [192]=Oop [240]=Oop [248]=Oop [256]=Oop [304]=Oop }
                      ;*athrow {reexecute=1 rethrow=0 return_oop=0}
                      ; - (reexecute) java.lang.invoke.Invokers::checkExactType@15 (line 531)
                      ; - java.lang.invoke.LambdaForm$MH/0x00007fe4c80ca000::invokeExact_MT@11
                      ; - jdk.internal.reflect.DirectMethodHandleAccessor::invokeImpl@72 (line 155)
                      ; - jdk.internal.reflect.DirectMethodHandleAccessor::invoke@23 (line 103)
                      ;   {runtime_call throw_null_pointer_exception Runtime1 stub}
  0x00007fe52891a94c: fe05 07e8 

  0x00007fe52891a950: ; ImmutableOopMap {rax=Oop [176]=Oop [184]=Oop [192]=Oop [208]=Oop [216]=Oop [224]=Oop [232]=Oop [312]=Oop }
                      ;*athrow {reexecute=1 rethrow=0 return_oop=0}
                      ; - (reexecute) java.lang.invoke.Invokers::checkExactType@15 (line 531)
                      ; - java.lang.invoke.LambdaForm$MH/0x00007fe4c8094000::invokeExact_MT@11
                      ; - jdk.internal.reflect.DirectMethodHandleAccessor::invokeImpl@92 (line 156)
                      ; - jdk.internal.reflect.DirectMethodHandleAccessor::invoke@23 (line 103)
  0x00007fe52891a950: 2cfe 0507 

  0x00007fe52891a954: ;   {runtime_call throw_null_pointer_exception Runtime1 stub}
  0x00007fe52891a954: e827 fe05 

  0x00007fe52891a958: ; ImmutableOopMap {rax=Oop [176]=Oop [184]=Oop [192]=Oop [200]=Oop [320]=Oop }
                      ;*athrow {reexecute=1 rethrow=0 return_oop=0}
                      ; - (reexecute) java.lang.invoke.Invokers::checkExactType@15 (line 531)
                      ; - java.lang.invoke.Invokers$Holder::invokeExact_MT@10
                      ; - jdk.internal.reflect.DirectMethodHandleAccessor::invokeImpl@104 (line 157)
                      ; - jdk.internal.reflect.DirectMethodHandleAccessor::invoke@23 (line 103)
                      ;   {metadata({method} {0x00007fe4c73caba8} 'isIllegalArgument' '(Ljava/lang/RuntimeException;)Z' in 'jdk/internal/reflect/DirectMethodHandleAccessor')}
  0x00007fe52891a958: 0749 baa8 | ab3c c7e4 | 7f00 004c | 8954 2408 | 48c7 0424 | ffff ffff 

  0x00007fe52891a970: ;   {runtime_call counter_overflow Runtime1 stub}
  0x00007fe52891a970: e80b 7006 

  0x00007fe52891a974: ; ImmutableOopMap {rax=Oop [176]=Oop [184]=Oop [192]=Oop [328]=Oop }
                      ;*synchronization entry
                      ; - jdk.internal.reflect.DirectMethodHandleAccessor::isIllegalArgument@-1 (line 191)
                      ; - jdk.internal.reflect.DirectMethodHandleAccessor::invoke@58 (line 112)
  0x00007fe52891a974: 07e9 39f6 

  0x00007fe52891a978: ;   {metadata({method} {0x00007fe4c73caba8} 'isIllegalArgument' '(Ljava/lang/RuntimeException;)Z' in 'jdk/internal/reflect/DirectMethodHandleAccessor')}
  0x00007fe52891a978: ffff 49ba | a8ab 3cc7 | e47f 0000 | 4c89 5424 | 0848 c704 | 24ff ffff 

  0x00007fe52891a990: ;   {runtime_call counter_overflow Runtime1 stub}
  0x00007fe52891a990: ffe8 ea6f 

  0x00007fe52891a994: ; ImmutableOopMap {rax=Oop [176]=Oop [184]=Oop [192]=Oop [336]=Oop }
                      ;*synchronization entry
                      ; - jdk.internal.reflect.DirectMethodHandleAccessor::isIllegalArgument@-1 (line 191)
                      ; - jdk.internal.reflect.DirectMethodHandleAccessor::invoke@30 (line 105)
  0x00007fe52891a994: 0607 e9d3 

  0x00007fe52891a998: ;   {metadata(nullptr)}
  0x00007fe52891a998: f6ff ff48 | ba00 0000 | 0000 0000 | 00b8 000f 

  0x00007fe52891a9a8: ;   {runtime_call load_klass_patching Runtime1 stub}
  0x00007fe52891a9a8: 050a e851 

  0x00007fe52891a9ac: ; ImmutableOopMap {[176]=Oop [184]=Oop [192]=Oop [336]=Oop }
                      ;*new {reexecute=1 rethrow=0 return_oop=0}
                      ; - (reexecute) jdk.internal.reflect.DirectMethodHandleAccessor::invoke@36 (line 107)
  0x00007fe52891a9ac: 5f06 07e9 | 0cf7 ffff 

  0x00007fe52891a9b4: ;   {runtime_call fast_new_instance Runtime1 stub}
  0x00007fe52891a9b4: 488b d2e8 

  0x00007fe52891a9b8: ; ImmutableOopMap {[176]=Oop [184]=Oop [192]=Oop [336]=Oop }
                      ;*new {reexecute=0 rethrow=0 return_oop=0}
                      ; - jdk.internal.reflect.DirectMethodHandleAccessor::invoke@36 (line 107)
  0x00007fe52891a9b8: 440b 0607 | e957 f7ff | ff48 8bd2 

  0x00007fe52891a9c4: ;   {runtime_call fast_new_instance Runtime1 stub}
  0x00007fe52891a9c4: e837 0b06 

  0x00007fe52891a9c8: ; ImmutableOopMap {rbx=Oop [176]=Oop [184]=Oop [192]=Oop [336]=Oop }
                      ;*new {reexecute=0 rethrow=0 return_oop=0}
                      ; - jdk.internal.reflect.DirectMethodHandleAccessor::invoke@46 (line 109)
  0x00007fe52891a9c8: 07e9 01f8 

  0x00007fe52891a9cc: ;   {metadata(nullptr)}
  0x00007fe52891a9cc: ffff 48ba | 0000 0000 | 0000 0000 | b800 0f05 

  0x00007fe52891a9dc: ;   {runtime_call load_klass_patching Runtime1 stub}
  0x00007fe52891a9dc: 0ae8 1e5f 

  0x00007fe52891a9e0: ; ImmutableOopMap {[176]=Oop [184]=Oop [192]=Oop [328]=Oop }
                      ;*new {reexecute=1 rethrow=0 return_oop=0}
                      ; - (reexecute) jdk.internal.reflect.DirectMethodHandleAccessor::invoke@64 (line 113)
  0x00007fe52891a9e0: 0607 e939 | f8ff ff48 

  0x00007fe52891a9e8: ;   {runtime_call fast_new_instance Runtime1 stub}
  0x00007fe52891a9e8: 8bd2 e811 

  0x00007fe52891a9ec: ; ImmutableOopMap {[176]=Oop [184]=Oop [192]=Oop [328]=Oop }
                      ;*new {reexecute=0 rethrow=0 return_oop=0}
                      ; - jdk.internal.reflect.DirectMethodHandleAccessor::invoke@64 (line 113)
  0x00007fe52891a9ec: 0b06 07e9 | 84f8 ffff 

  0x00007fe52891a9f4: ;   {runtime_call fast_new_instance Runtime1 stub}
  0x00007fe52891a9f4: 488b d2e8 

  0x00007fe52891a9f8: ; ImmutableOopMap {rbx=Oop [176]=Oop [184]=Oop [192]=Oop [328]=Oop }
                      ;*new {reexecute=0 rethrow=0 return_oop=0}
                      ; - jdk.internal.reflect.DirectMethodHandleAccessor::invoke@73 (line 115)
  0x00007fe52891a9f8: 040b 0607 | e92e f9ff 

  0x00007fe52891aa00: ;   {metadata(nullptr)}
  0x00007fe52891aa00: ff48 ba00 | 0000 0000 | 0000 00b8 | 000f 050a 

  0x00007fe52891aa10: ;   {runtime_call load_klass_patching Runtime1 stub}
  0x00007fe52891aa10: e8eb 5e06 

  0x00007fe52891aa14: ; ImmutableOopMap {[176]=Oop [184]=Oop [192]=Oop }
                      ;*new {reexecute=1 rethrow=0 return_oop=0}
                      ; - (reexecute) jdk.internal.reflect.DirectMethodHandleAccessor::checkReceiver@14 (line 197)
                      ; - jdk.internal.reflect.DirectMethodHandleAccessor::invoke@9 (line 99)
  0x00007fe52891aa14: 07e9 66f9 | ffff 488b 

  0x00007fe52891aa1c: ;   {runtime_call fast_new_instance Runtime1 stub}
  0x00007fe52891aa1c: d2e8 de0a 

  0x00007fe52891aa20: ; ImmutableOopMap {[176]=Oop [184]=Oop [192]=Oop }
                      ;*new {reexecute=0 rethrow=0 return_oop=0}
                      ; - jdk.internal.reflect.DirectMethodHandleAccessor::checkReceiver@14 (line 197)
                      ; - jdk.internal.reflect.DirectMethodHandleAccessor::invoke@9 (line 99)
  0x00007fe52891aa20: 0607 e9b1 | f9ff ff48 

  0x00007fe52891aa28: ;   {runtime_call fast_new_instance Runtime1 stub}
  0x00007fe52891aa28: 8bd2 e8d1 

  0x00007fe52891aa2c: ; ImmutableOopMap {r8=Oop [176]=Oop [184]=Oop [192]=Oop }
                      ;*new {reexecute=0 rethrow=0 return_oop=0}
                      ; - jdk.internal.reflect.DirectMethodHandleAccessor::invoke@83 (line 118)
  0x00007fe52891aa2c: 0a06 07e9 | 6efa ffff | 498b 87f8 | 0400 0049 | c787 f804 | 0000 0000 | 0000 49c7 | 8700 0500 
  0x00007fe52891aa4c: 0000 0000 | 0048 81c4 | a001 0000 

  0x00007fe52891aa58: ;   {runtime_call unwind_exception Runtime1 stub}
  0x00007fe52891aa58: 5de9 a2e0 | 0507 f4f4 
[Stub Code]
  0x00007fe52891aa60: ;   {no_reloc}
  0x00007fe52891aa60: 0f1f 4400 

  0x00007fe52891aa64: ;   {static_stub}
  0x00007fe52891aa64: 0048 bb00 | 0000 0000 

  0x00007fe52891aa6c: ;   {runtime_call nmethod}
  0x00007fe52891aa6c: 0000 00e9 | fbff ffff 

  0x00007fe52891aa74: ;   {static_stub}
  0x00007fe52891aa74: 9048 bb00 | 0000 0000 

  0x00007fe52891aa7c: ;   {runtime_call nmethod}
  0x00007fe52891aa7c: 0000 00e9 | fbff ffff 

  0x00007fe52891aa84: ;   {static_stub}
  0x00007fe52891aa84: 48bb 0000 | 0000 0000 

  0x00007fe52891aa8c: ;   {runtime_call nmethod}
  0x00007fe52891aa8c: 0000 e9fb 

  0x00007fe52891aa90: ;   {static_stub}
  0x00007fe52891aa90: ffff ff48 | bb00 0000 | 0000 0000 

  0x00007fe52891aa9c: ;   {runtime_call nmethod}
  0x00007fe52891aa9c: 00e9 fbff 

  0x00007fe52891aaa0: ;   {static_stub}
  0x00007fe52891aaa0: ffff 48bb | 0000 0000 | 0000 0000 

  0x00007fe52891aaac: ;   {runtime_call nmethod}
  0x00007fe52891aaac: e9fb ffff 

  0x00007fe52891aab0: ;   {static_stub}
  0x00007fe52891aab0: ff48 bb00 | 0000 0000 

  0x00007fe52891aab8: ;   {runtime_call nmethod}
  0x00007fe52891aab8: 0000 00e9 | fbff ffff 

  0x00007fe52891aac0: ;   {static_stub}
  0x00007fe52891aac0: 48bb 0000 | 0000 0000 

  0x00007fe52891aac8: ;   {runtime_call nmethod}
  0x00007fe52891aac8: 0000 e9fb 

  0x00007fe52891aacc: ;   {static_stub}
  0x00007fe52891aacc: ffff ff48 | bb00 0000 | 0000 0000 

  0x00007fe52891aad8: ;   {runtime_call nmethod}
  0x00007fe52891aad8: 00e9 fbff 

  0x00007fe52891aadc: ;   {static_stub}
  0x00007fe52891aadc: ffff 48bb | 0000 0000 | 0000 0000 

  0x00007fe52891aae8: ;   {runtime_call nmethod}
  0x00007fe52891aae8: e9fb ffff 

  0x00007fe52891aaec: ;   {static_stub}
  0x00007fe52891aaec: ff48 bb00 | 0000 0000 

  0x00007fe52891aaf4: ;   {runtime_call nmethod}
  0x00007fe52891aaf4: 0000 00e9 | fbff ffff 

  0x00007fe52891aafc: ;   {static_stub}
  0x00007fe52891aafc: 48bb 0000 | 0000 0000 

  0x00007fe52891ab04: ;   {runtime_call nmethod}
  0x00007fe52891ab04: 0000 e9fb 

  0x00007fe52891ab08: ;   {static_stub}
  0x00007fe52891ab08: ffff ff48 | bb00 0000 | 0000 0000 

  0x00007fe52891ab14: ;   {runtime_call nmethod}
  0x00007fe52891ab14: 00e9 fbff 

  0x00007fe52891ab18: ;   {static_stub}
  0x00007fe52891ab18: ffff 48bb | 0000 0000 | 0000 0000 

  0x00007fe52891ab24: ;   {runtime_call nmethod}
  0x00007fe52891ab24: e9fb ffff 

  0x00007fe52891ab28: ;   {runtime_call handle_exception_from_callee Runtime1 stub}
  0x00007fe52891ab28: ffe8 d230 

  0x00007fe52891ab2c: ;   {external_word}
  0x00007fe52891ab2c: 0607 48bf | a5f1 d147 | e57f 0000 | 4883 e4f0 

  0x00007fe52891ab3c: ;   {runtime_call}
  0x00007fe52891ab3c: e89f f5ea 

  0x00007fe52891ab40: ;   {section_word}
  0x00007fe52891ab40: 1ef4 49ba | 42ab 9128 | e57f 0000 

  0x00007fe52891ab4c: ;   {runtime_call DeoptimizationBlob}
  0x00007fe52891ab4c: 4152 e94d 

  0x00007fe52891ab50: ;   {section_word}
  0x00007fe52891ab50: 87f9 0649 | ba53 ab91 | 28e5 7f00 

  0x00007fe52891ab5c: ;   {runtime_call DeoptimizationBlob}
  0x00007fe52891ab5c: 0041 52e9 | 3c87 f906 | f4f4 f4f4 
[/MachCode]


Compiled method (c1) 18819 2469       3       java.lang.reflect.Method::invoke (108 bytes)
 total in heap  [0x00007fe5288fbe90,0x00007fe5288fc960] = 2768
 relocation     [0x00007fe5288fbfe8,0x00007fe5288fc0a8] = 192
 main code      [0x00007fe5288fc0c0,0x00007fe5288fc6b8] = 1528
 stub code      [0x00007fe5288fc6b8,0x00007fe5288fc748] = 144
 metadata       [0x00007fe5288fc748,0x00007fe5288fc760] = 24
 scopes data    [0x00007fe5288fc760,0x00007fe5288fc868] = 264
 scopes pcs     [0x00007fe5288fc868,0x00007fe5288fc938] = 208
 dependencies   [0x00007fe5288fc938,0x00007fe5288fc940] = 8
 nul chk table  [0x00007fe5288fc940,0x00007fe5288fc960] = 32

[Constant Pool (empty)]

[MachCode]
[Entry Point]
  # {method} {0x00007fe4c7045348} 'invoke' '(Ljava/lang/Object;[Ljava/lang/Object;)Ljava/lang/Object;' in 'java/lang/reflect/Method'
  # this:     rsi:rsi   = 'java/lang/reflect/Method'
  # parm0:    rdx:rdx   = 'java/lang/Object'
  # parm1:    rcx:rcx   = '[Ljava/lang/Object;'
  #           [sp+0xa0]  (sp of caller)
  0x00007fe5288fc0c0: 448b 5608 | 49bb 0000 | 00c7 e47f | 0000 4d03 | d34c 3bd0 

  0x00007fe5288fc0d4: ;   {runtime_call ic_miss_stub}
  0x00007fe5288fc0d4: 0f85 a60f | fb06 660f | 1f44 0000 
[Verified Entry Point]
  0x00007fe5288fc0e0: 8984 2400 | c0fe ff55 | 4881 ec90 | 0000 0090 | 4181 7f20 | 0100 0000 

  0x00007fe5288fc0f8: ;   {runtime_call StubRoutines (final stubs)}
  0x00007fe5288fc0f8: 7405 e8a1 | 73f9 0648 | 8974 2448 | 4889 5424 | 5048 894c 

  0x00007fe5288fc10c: ;   {metadata(method data for {method} {0x00007fe4c7045348} 'invoke' '(Ljava/lang/Object;[Ljava/lang/Object;)Ljava/lang/Object;' in 'java/lang/reflect/Method')}
  0x00007fe5288fc10c: 2458 48bf | 386b b0c3 | e47f 0000 | 8b9f f400 | 0000 83c3 | 0289 9ff4 | 0000 0081 | e3fe 0700 
  0x00007fe5288fc12c: 0085 db0f | 84d5 0400 | 0048 8bfe 

  0x00007fe5288fc138: ;   {metadata(method data for {method} {0x00007fe4c7045348} 'invoke' '(Ljava/lang/Object;[Ljava/lang/Object;)Ljava/lang/Object;' in 'java/lang/reflect/Method')}
  0x00007fe5288fc138: 48bb 386b | b0c3 e47f | 0000 4883 | 8338 0100 | 0001 488b | fe48 8bf7 | 0f1f 8000 

  0x00007fe5288fc154: ;   {optimized virtual_call}
  0x00007fe5288fc154: 0000 00e8 

  0x00007fe5288fc158: ; ImmutableOopMap {[72]=Oop [80]=Oop [88]=Oop }
                      ;*invokevirtual isCallerSensitive {reexecute=0 rethrow=0 return_oop=0}
                      ; - java.lang.reflect.Method::invoke@1 (line 561)
  0x00007fe5288fc158: 04a9 e7ff 

  0x00007fe5288fc15c: ;   {other}
  0x00007fe5288fc15c: 0f1f 8400 | cc02 0000 | 8944 2460 | 488b 7424 | 480f be7e 

  0x00007fe5288fc170: ;   {metadata(method data for {method} {0x00007fe4c7045348} 'invoke' '(Ljava/lang/Object;[Ljava/lang/Object;)Ljava/lang/Object;' in 'java/lang/reflect/Method')}
  0x00007fe5288fc170: 0c85 ff48 | bf38 6bb0 | c3e4 7f00 | 0048 c7c3 | 7001 0000 | 7407 48c7 | c380 0100 | 0048 8b14 
  0x00007fe5288fc190: 1f48 8d52 | 0148 8914 | 1f0f 843d | 0000 0085 

  0x00007fe5288fc1a0: ;   {metadata(method data for {method} {0x00007fe4c7045348} 'invoke' '(Ljava/lang/Object;[Ljava/lang/Object;)Ljava/lang/Object;' in 'java/lang/reflect/Method')}
  0x00007fe5288fc1a0: c048 bf38 | 6bb0 c3e4 | 7f00 0048 | c7c3 a001 | 0000 7507 | 48c7 c390 | 0100 0048 | 8b14 1f48 
  0x00007fe5288fc1c0: 8d52 0148 | 8914 1f0f | 850f 0000 

  0x00007fe5288fc1cc: ;   {oop(nullptr)}
  0x00007fe5288fc1cc: 0048 bf00 | 0000 0000 | 0000 00e9 | 2800 0000 

  0x00007fe5288fc1dc: ;   {metadata(method data for {method} {0x00007fe4c7045348} 'invoke' '(Ljava/lang/Object;[Ljava/lang/Object;)Ljava/lang/Object;' in 'java/lang/reflect/Method')}
  0x00007fe5288fc1dc: 48bf 386b | b0c3 e47f | 0000 4883 | 87b0 0100 

  0x00007fe5288fc1ec: ;   {static_call}
  0x00007fe5288fc1ec: 0001 90e8 

  0x00007fe5288fc1f0: ; ImmutableOopMap {[72]=Oop [80]=Oop [88]=Oop }
                      ;*invokestatic getCallerClass {reexecute=0 rethrow=0 return_oop=0}
                      ; - java.lang.reflect.Method::invoke@19 (line 564)
  0x00007fe5288fc1f0: 4c03 6b07 

  0x00007fe5288fc1f4: ;   {other}
  0x00007fe5288fc1f4: 0f1f 8400 | 6403 0001 | 488b f848 | 8b74 2448 | 0fbe 560c 

  0x00007fe5288fc208: ;   {metadata(method data for {method} {0x00007fe4c7045348} 'invoke' '(Ljava/lang/Object;[Ljava/lang/Object;)Ljava/lang/Object;' in 'java/lang/reflect/Method')}
  0x00007fe5288fc208: 85d2 48ba | 386b b0c3 | e47f 0000 | 48c7 c1d0 | 0100 0074 | 0748 c7c1 | c001 0000 | 4c8b 040a 
  0x00007fe5288fc228: 4d8d 4001 | 4c89 040a | 0f84 0a00 | 0000 4889 | 7c24 68e9 | 5901 0000 | 8b4e 2448 | c1e1 0344 
  0x00007fe5288fc248: ;   {metadata(method data for {method} {0x00007fe4c7045348} 'invoke' '(Ljava/lang/Object;[Ljava/lang/Object;)Ljava/lang/Object;' in 'java/lang/reflect/Method')}
  0x00007fe5288fc248: 8b4e 2048 | ba38 6bb0 | c3e4 7f00 | 0048 8382 | e001 0000 

  0x00007fe5288fc25c: ;   {metadata(method data for {method} {0x00007fe4c70ed1b0} 'isStatic' '(I)Z' in 'java/lang/reflect/Modifier')}
  0x00007fe5288fc25c: 0148 baa0 | 9d0f c3e4 | 7f00 0044 | 8b82 f400 | 0000 4183 | c002 4489 | 82f4 0000 | 0041 81e0 
  0x00007fe5288fc27c: feff 1f00 | 4585 c00f | 84a2 0300 | 0049 8bd1 | 83e2 0885 

  0x00007fe5288fc290: ;   {metadata(method data for {method} {0x00007fe4c70ed1b0} 'isStatic' '(I)Z' in 'java/lang/reflect/Modifier')}
  0x00007fe5288fc290: d248 baa0 | 9d0f c3e4 | 7f00 0049 | c7c0 3801 | 0000 7407 | 49c7 c048 | 0100 004a | 8b1c 0248 
  0x00007fe5288fc2b0: 8d5b 014a | 891c 020f | 841a 0000 

  0x00007fe5288fc2bc: ;   {metadata(method data for {method} {0x00007fe4c70ed1b0} 'isStatic' '(I)Z' in 'java/lang/reflect/Modifier')}
  0x00007fe5288fc2bc: 0048 baa0 | 9d0f c3e4 | 7f00 00ff | 8258 0100 | 00ba 0100 | 0000 e905 | 0000 00ba | 0000 0000 
  0x00007fe5288fc2dc: 83e2 0185 

  0x00007fe5288fc2e0: ;   {metadata(method data for {method} {0x00007fe4c7045348} 'invoke' '(Ljava/lang/Object;[Ljava/lang/Object;)Ljava/lang/Object;' in 'java/lang/reflect/Method')}
  0x00007fe5288fc2e0: d248 ba38 | 6bb0 c3e4 | 7f00 0049 | c7c0 f001 | 0000 7407 | 49c7 c000 | 0200 004a | 8b1c 0248 
  0x00007fe5288fc300: 8d5b 014a | 891c 020f | 841f 0000 

  0x00007fe5288fc30c: ;   {metadata(method data for {method} {0x00007fe4c7045348} 'invoke' '(Ljava/lang/Object;[Ljava/lang/Object;)Ljava/lang/Object;' in 'java/lang/reflect/Method')}
  0x00007fe5288fc30c: 0048 ba38 | 6bb0 c3e4 | 7f00 00ff | 8210 0200 

  0x00007fe5288fc31c: ;   {oop(nullptr)}
  0x00007fe5288fc31c: 0049 b800 | 0000 0000 | 0000 00e9 | 3500 0000 | 488b 5424 | 5048 3b02 

  0x00007fe5288fc334: ;   {metadata(method data for {method} {0x00007fe4c7045348} 'invoke' '(Ljava/lang/Object;[Ljava/lang/Object;)Ljava/lang/Object;' in 'java/lang/reflect/Method')}
  0x00007fe5288fc334: 4c8b c248 | bb38 6bb0 | c3e4 7f00 | 0048 8383 | 2802 0000 | 0144 8b42 | 0849 ba00 | 0000 c7e4 
  0x00007fe5288fc354: 7f00 004d | 03c2 4d8b | 4070 4d8b | 0048 8bde 

  0x00007fe5288fc364: ;   {metadata(method data for {method} {0x00007fe4c7045348} 'invoke' '(Ljava/lang/Object;[Ljava/lang/Object;)Ljava/lang/Object;' in 'java/lang/reflect/Method')}
  0x00007fe5288fc364: 48b8 386b | b0c3 e47f | 0000 4883 | 8060 0200 | 0001 488b | d748 8bc6 | 488b f048 | 897c 2468 
  0x00007fe5288fc384: ;   {optimized virtual_call}
  0x00007fe5288fc384: 6666 90e8 

  0x00007fe5288fc388: ; ImmutableOopMap {[72]=Oop [80]=Oop [88]=Oop [104]=Oop }
                      ;*invokevirtual checkAccess {reexecute=0 rethrow=0 return_oop=0}
                      ; - java.lang.reflect.Method::invoke@60 (line 571)
  0x00007fe5288fc388: 141e eaff 

  0x00007fe5288fc38c: ;   {other}
  0x00007fe5288fc38c: 0f1f 8400 | fc04 0002 | 488b 7424 | 488b 7e4c | 48c1 e703 

  0x00007fe5288fc3a0: ;   {metadata(method data for {method} {0x00007fe4c7045348} 'invoke' '(Ljava/lang/Object;[Ljava/lang/Object;)Ljava/lang/Object;' in 'java/lang/reflect/Method')}
  0x00007fe5288fc3a0: 4885 ff48 | bb38 6bb0 | c3e4 7f00 | 0048 c7c0 | 9802 0000 | 7507 48c7 | c0a8 0200 | 0048 8b14 
  0x00007fe5288fc3c0: 0348 8d52 | 0148 8914 | 030f 8530 | 0000 0048 | 897c 2470 

  0x00007fe5288fc3d4: ;   {metadata(method data for {method} {0x00007fe4c7045348} 'invoke' '(Ljava/lang/Object;[Ljava/lang/Object;)Ljava/lang/Object;' in 'java/lang/reflect/Method')}
  0x00007fe5288fc3d4: 488b de48 | b838 6bb0 | c3e4 7f00 | 0048 8380 | b802 0000 | 0148 8bde 

  0x00007fe5288fc3ec: ;   {optimized virtual_call}
  0x00007fe5288fc3ec: 488b f3e8 

  0x00007fe5288fc3f0: ; ImmutableOopMap {[72]=Oop [80]=Oop [88]=Oop [104]=Oop [112]=Oop }
                      ;*invokevirtual acquireMethodAccessor {reexecute=0 rethrow=0 return_oop=0}
                      ; - java.lang.reflect.Method::invoke@75 (line 577)
  0x00007fe5288fc3f0: 1503 0000 

  0x00007fe5288fc3f4: ;   {other}
  0x00007fe5288fc3f4: 0f1f 8400 | 6405 0003 | 488b f88b | 4424 6085 

  0x00007fe5288fc404: ;   {metadata(method data for {method} {0x00007fe4c7045348} 'invoke' '(Ljava/lang/Object;[Ljava/lang/Object;)Ljava/lang/Object;' in 'java/lang/reflect/Method')}
  0x00007fe5288fc404: c048 ba38 | 6bb0 c3e4 | 7f00 0048 | c7c1 f002 | 0000 7407 | 48c7 c100 | 0300 004c | 8b04 0a4d 
  0x00007fe5288fc424: 8d40 014c | 8904 0a0f | 84f1 0000 | 0048 3b07 

  0x00007fe5288fc434: ;   {metadata(method data for {method} {0x00007fe4c7045348} 'invoke' '(Ljava/lang/Object;[Ljava/lang/Object;)Ljava/lang/Object;' in 'java/lang/reflect/Method')}
  0x00007fe5288fc434: 488b d748 | b938 6bb0 | c3e4 7f00 | 008b 5208 | 49ba 0000 | 00c7 e47f | 0000 4903 | d248 3b91 
  0x00007fe5288fc454: 2003 0000 | 750d 4883 | 8128 0300 | 0001 e960 | 0000 0048 | 3b91 3003 | 0000 750d | 4883 8138 
  0x00007fe5288fc474: 0300 0001 | e94a 0000 | 0048 83b9 | 2003 0000 | 0075 1748 | 8991 2003 | 0000 48c7 | 8128 0300 
  0x00007fe5288fc494: 0001 0000 | 00e9 2900 | 0000 4883 | b930 0300 | 0000 7517 | 4889 9130 | 0300 0048 | c781 3803 
  0x00007fe5288fc4b4: 0000 0100 | 0000 e908 | 0000 0048 | 8381 1003 | 0000 0148 | 8b54 2450 | 488b 4c24 | 584c 8b44 
  0x00007fe5288fc4d4: 2468 488b | f748 897c | 2478 0f1f | 8000 0000 | 0048 b8ff | ffff ffff 

  0x00007fe5288fc4ec: ;   {virtual_call}
  0x00007fe5288fc4ec: ffff ffe8 

  0x00007fe5288fc4f0: ; ImmutableOopMap {[72]=Oop [80]=Oop [88]=Oop [104]=Oop [120]=Oop }
                      ;*invokeinterface invoke {reexecute=0 rethrow=0 return_oop=0}
                      ; - java.lang.reflect.Method::invoke@90 (line 580)
  0x00007fe5288fc4f0: 8c11 fb06 

  0x00007fe5288fc4f4: ;   {other}
  0x00007fe5288fc4f4: 0f1f 8400 | 6406 0004 

  0x00007fe5288fc4fc: ;   {metadata(method data for {method} {0x00007fe4c7045348} 'invoke' '(Ljava/lang/Object;[Ljava/lang/Object;)Ljava/lang/Object;' in 'java/lang/reflect/Method')}
  0x00007fe5288fc4fc: 48ba 386b | b0c3 e47f | 0000 ff82 | 4803 0000 | 4881 c490 | 0000 005d 

  0x00007fe5288fc514: ;   {poll_return}
  0x00007fe5288fc514: 493b a748 | 0400 000f | 8735 0100 | 00c3 488b | 4c24 5848 | 8b54 2450 

  0x00007fe5288fc52c: ; implicit exception: dispatches to 0x00007fe5288fc66c
  0x00007fe5288fc52c: 483b 074c 

  0x00007fe5288fc530: ;   {metadata(method data for {method} {0x00007fe4c7045348} 'invoke' '(Ljava/lang/Object;[Ljava/lang/Object;)Ljava/lang/Object;' in 'java/lang/reflect/Method')}
  0x00007fe5288fc530: 8bc7 49b9 | 386b b0c3 | e47f 0000 | 458b 4008 | 49ba 0000 | 00c7 e47f | 0000 4d03 | c24d 3b81 
  0x00007fe5288fc550: 7003 0000 | 750d 4983 | 8178 0300 | 0001 e960 | 0000 004d | 3b81 8003 | 0000 750d | 4983 8188 
  0x00007fe5288fc570: 0300 0001 | e94a 0000 | 0049 83b9 | 7003 0000 | 0075 174d | 8981 7003 | 0000 49c7 | 8178 0300 
  0x00007fe5288fc590: 0001 0000 | 00e9 2900 | 0000 4983 | b980 0300 | 0000 7517 | 4d89 8180 | 0300 0049 | c781 8803 
  0x00007fe5288fc5b0: 0000 0100 | 0000 e908 | 0000 0049 | 8381 6003 | 0000 014c | 8bc2 498b | d04c 8bc9 | 498b c948 
  0x00007fe5288fc5d0: 8bf7 4889 | 7c24 7866 | 0f1f 4400 | 0048 b898 | d819 c7e4 

  0x00007fe5288fc5e4: ;   {virtual_call}
  0x00007fe5288fc5e4: 7f00 00e8 

  0x00007fe5288fc5e8: ; ImmutableOopMap {[72]=Oop [80]=Oop [88]=Oop [104]=Oop [120]=Oop }
                      ;*invokeinterface invoke {reexecute=0 rethrow=0 return_oop=0}
                      ; - java.lang.reflect.Method::invoke@102 (line 580)
  0x00007fe5288fc5e8: 54c0 0100 

  0x00007fe5288fc5ec: ;   {other}
  0x00007fe5288fc5ec: 0f1f 8400 | 5c07 0005 | 4881 c490 | 0000 005d 

  0x00007fe5288fc5fc: ;   {poll_return}
  0x00007fe5288fc5fc: 493b a748 | 0400 000f | 8768 0000 

  0x00007fe5288fc608: ;   {metadata({method} {0x00007fe4c7045348} 'invoke' '(Ljava/lang/Object;[Ljava/lang/Object;)Ljava/lang/Object;' in 'java/lang/reflect/Method')}
  0x00007fe5288fc608: 00c3 49ba | 4853 04c7 | e47f 0000 | 4c89 5424 | 0848 c704 | 24ff ffff 

  0x00007fe5288fc620: ;   {runtime_call counter_overflow Runtime1 stub}
  0x00007fe5288fc620: ffe8 5a53 

  0x00007fe5288fc624: ; ImmutableOopMap {rsi=Oop rdx=Oop rcx=Oop [72]=Oop [80]=Oop [88]=Oop }
                      ;*synchronization entry
                      ; - java.lang.reflect.Method::invoke@-1 (line 561)
  0x00007fe5288fc624: 0807 e90a 

  0x00007fe5288fc628: ;   {metadata({method} {0x00007fe4c70ed1b0} 'isStatic' '(I)Z' in 'java/lang/reflect/Modifier')}
  0x00007fe5288fc628: fbff ff49 | bab0 d10e | c7e4 7f00 | 004c 8954 | 2408 48c7 | 0424 ffff 

  0x00007fe5288fc640: ;   {runtime_call counter_overflow Runtime1 stub}
  0x00007fe5288fc640: ffff e839 

  0x00007fe5288fc644: ; ImmutableOopMap {rdi=Oop rsi=Oop rcx=Oop [72]=Oop [80]=Oop [88]=Oop }
                      ;*synchronization entry
                      ; - java.lang.reflect.Modifier::isStatic@-1 (line 98)
                      ; - java.lang.reflect.Method::invoke@42 (line 572)
  0x00007fe5288fc644: 5308 07e9 | 3dfc ffff 

  0x00007fe5288fc64c: ;   {runtime_call throw_null_pointer_exception Runtime1 stub}
  0x00007fe5288fc64c: e82f e107 

  0x00007fe5288fc650: ; ImmutableOopMap {rdi=Oop rsi=Oop rcx=Oop rdx=Oop [72]=Oop [80]=Oop [88]=Oop }
                      ;*invokevirtual getClass {reexecute=0 rethrow=0 return_oop=0}
                      ; - java.lang.reflect.Method::invoke@53 (line 572)
                      ;   {runtime_call throw_null_pointer_exception Runtime1 stub}
  0x00007fe5288fc650: 07e8 2ae1 

  0x00007fe5288fc654: ; ImmutableOopMap {rdi=Oop [72]=Oop [80]=Oop [88]=Oop [104]=Oop }
                      ;*invokeinterface invoke {reexecute=0 rethrow=0 return_oop=0}
                      ; - java.lang.reflect.Method::invoke@90 (line 580)
                      ;   {internal_word}
  0x00007fe5288fc654: 0707 49ba | 14c5 8f28 | e57f 0000 | 4d89 9760 

  0x00007fe5288fc664: ;   {runtime_call SafepointBlob}
  0x00007fe5288fc664: 0400 00e9 | 9479 fb06 

  0x00007fe5288fc66c: ;   {runtime_call throw_null_pointer_exception Runtime1 stub}
  0x00007fe5288fc66c: e80f e107 

  0x00007fe5288fc670: ; ImmutableOopMap {rdi=Oop rdx=Oop rcx=Oop [72]=Oop [80]=Oop [88]=Oop [104]=Oop }
                      ;*invokeinterface invoke {reexecute=0 rethrow=0 return_oop=0}
                      ; - java.lang.reflect.Method::invoke@102 (line 580)
                      ;   {internal_word}
  0x00007fe5288fc670: 0749 bafc | c58f 28e5 | 7f00 004d | 8997 6004 

  0x00007fe5288fc680: ;   {runtime_call SafepointBlob}
  0x00007fe5288fc680: 0000 e979 | 79fb 0649 | 8b87 f804 | 0000 49c7 | 87f8 0400 | 0000 0000 | 0049 c787 | 0005 0000 
  0x00007fe5288fc6a0: 0000 0000 | 4881 c490 | 0000 005d 

  0x00007fe5288fc6ac: ;   {runtime_call unwind_exception Runtime1 stub}
  0x00007fe5288fc6ac: e94f c407 | 07f4 f4f4 | f4f4 f4f4 
[Stub Code]
  0x00007fe5288fc6b8: ;   {no_reloc}
  0x00007fe5288fc6b8: 0f1f 4400 

  0x00007fe5288fc6bc: ;   {static_stub}
  0x00007fe5288fc6bc: 0048 bb00 | 0000 0000 

  0x00007fe5288fc6c4: ;   {runtime_call nmethod}
  0x00007fe5288fc6c4: 0000 00e9 | fbff ffff 

  0x00007fe5288fc6cc: ;   {static_stub}
  0x00007fe5288fc6cc: 9048 bb00 | 0000 0000 

  0x00007fe5288fc6d4: ;   {runtime_call nmethod}
  0x00007fe5288fc6d4: 0000 00e9 | fbff ffff 

  0x00007fe5288fc6dc: ;   {static_stub}
  0x00007fe5288fc6dc: 48bb 0000 | 0000 0000 

  0x00007fe5288fc6e4: ;   {runtime_call nmethod}
  0x00007fe5288fc6e4: 0000 e9fb 

  0x00007fe5288fc6e8: ;   {static_stub}
  0x00007fe5288fc6e8: ffff ff48 | bb00 0000 | 0000 0000 

  0x00007fe5288fc6f4: ;   {runtime_call nmethod}
  0x00007fe5288fc6f4: 00e9 fbff 

  0x00007fe5288fc6f8: ;   {static_stub}
  0x00007fe5288fc6f8: ffff 48bb | 0000 0000 | 0000 0000 

  0x00007fe5288fc704: ;   {runtime_call nmethod}
  0x00007fe5288fc704: e9fb ffff 

  0x00007fe5288fc708: ;   {static_stub}
  0x00007fe5288fc708: ff48 bbc0 | 5704 c7e4 

  0x00007fe5288fc710: ;   {runtime_call I2C/C2I adapters}
  0x00007fe5288fc710: 7f00 00e9 | 4b56 fb06 
[Exception Handler]
  0x00007fe5288fc718: ;   {runtime_call handle_exception_from_callee Runtime1 stub}
  0x00007fe5288fc718: e8e3 1408 

  0x00007fe5288fc71c: ;   {external_word}
  0x00007fe5288fc71c: 0748 bfa5 | f1d1 47e5 | 7f00 0048 

  0x00007fe5288fc728: ;   {runtime_call}
  0x00007fe5288fc728: 83e4 f0e8 | b0d9 ec1e 

  0x00007fe5288fc730: ;   {section_word}
  0x00007fe5288fc730: f449 ba31 | c78f 28e5 | 7f00 0041 

  0x00007fe5288fc73c: ;   {runtime_call DeoptimizationBlob}
  0x00007fe5288fc73c: 52e9 5e6b | fb06 f4f4 | f4f4 f4f4 
[/MachCode]


---------------  P R O C E S S  ---------------

Threads class SMR info:
_java_thread_list=0x00007fe4540011d0, length=17, elements={
0x00007fe54001d4e0, 0x00007fe540177a80, 0x00007fe540178ff0, 0x00007fe54017a780,
0x00007fe54017bdc0, 0x00007fe54017d360, 0x00007fe54017ef20, 0x00007fe5401805e0,
0x00007fe5401a3140, 0x00007fe5401a4c10, 0x00007fe4a0001240, 0x00007fe5401a5ce0,
0x00007fe5401a9cf0, 0x00007fe540659920, 0x00007fe5408950a0, 0x00007fe4ac000fb0,
0x00007fe47c186c80
}

Java Threads: ( => current thread )
=>0x00007fe54001d4e0 JavaThread "main"                              [_thread_in_Java, id=17677, stack(0x00007fe546900000,0x00007fe546a00000) (1024K)]
  0x00007fe540177a80 JavaThread "Reference Handler"          daemon [_thread_blocked, id=17685, stack(0x00007fe515700000,0x00007fe515800000) (1024K)]
  0x00007fe540178ff0 JavaThread "Finalizer"                  daemon [_thread_blocked, id=17686, stack(0x00007fe5155ff000,0x00007fe5156ff000) (1024K)]
  0x00007fe54017a780 JavaThread "Signal Dispatcher"          daemon [_thread_blocked, id=17687, stack(0x00007fe5154fe000,0x00007fe5155fe000) (1024K)]
  0x00007fe54017bdc0 JavaThread "Service Thread"             daemon [_thread_blocked, id=17688, stack(0x00007fe5153fd000,0x00007fe5154fd000) (1024K)]
  0x00007fe54017d360 JavaThread "Monitor Deflation Thread"   daemon [_thread_blocked, id=17689, stack(0x00007fe5152fc000,0x00007fe5153fc000) (1024K)]
  0x00007fe54017ef20 JavaThread "C2 CompilerThread0"         daemon [_thread_blocked, id=17690, stack(0x00007fe5151fb000,0x00007fe5152fb000) (1024K)]
  0x00007fe5401805e0 JavaThread "C1 CompilerThread0"         daemon [_thread_blocked, id=17691, stack(0x00007fe5150fa000,0x00007fe5151fa000) (1024K)]
  0x00007fe5401a3140 JavaThread "JDWP Transport Listener: dt_socket" daemon [_thread_blocked, id=17693, stack(0x00007fe514f9c000,0x00007fe51509c000) (1024K)]
  0x00007fe5401a4c10 JavaThread "JDWP Event Helper Thread"   daemon [_thread_blocked, id=17696, stack(0x00007fe514e9b000,0x00007fe514f9b000) (1024K)]
  0x00007fe4a0001240 JavaThread "JDWP Command Reader"        daemon [_thread_in_native, id=17697, stack(0x00007fe514d9a000,0x00007fe514e9a000) (1024K)]
  0x00007fe5401a5ce0 JavaThread "Notification Thread"        daemon [_thread_blocked, id=17702, stack(0x00007fe514c99000,0x00007fe514d99000) (1024K)]
  0x00007fe5401a9cf0 JavaThread "Common-Cleaner"             daemon [_thread_blocked, id=17703, stack(0x00007fe514b98000,0x00007fe514c98000) (1024K)]
  0x00007fe540659920 JavaThread "ReaderThread"                      [_thread_in_native, id=17707, stack(0x00007fe514794000,0x00007fe514894000) (1024K)]
  0x00007fe5408950a0 JavaThread "process reaper"             daemon [_thread_blocked, id=17716, stack(0x00007fe544028000,0x00007fe54404a000) (136K)]
  0x00007fe4ac000fb0 JavaThread "Attach Listener"            daemon [_thread_blocked, id=17736, stack(0x00007fe51408d000,0x00007fe51418d000) (1024K)]
  0x00007fe47c186c80 JavaThread "C2 CompilerThread1"         daemon [_thread_blocked, id=17738, stack(0x00007fe514a97000,0x00007fe514b97000) (1024K)]
Total: 17

Other Threads:
  0x00007fe54016eab0 VMThread "VM Thread"                           [id=17684, stack(0x00007fe515afc000,0x00007fe515bfc000) (1024K)]
  0x00007fe54015ca00 WatcherThread "VM Periodic Task Thread"        [id=17683, stack(0x00007fe515bfd000,0x00007fe515cfd000) (1024K)]
  0x00007fe540086610 WorkerThread "GC Thread#0"                     [id=17678, stack(0x00007fe5448dc000,0x00007fe5449dc000) (1024K)]
  0x00007fe4bc008a50 WorkerThread "GC Thread#1"                     [id=17708, stack(0x00007fe514693000,0x00007fe514793000) (1024K)]
  0x00007fe4bc009560 WorkerThread "GC Thread#2"                     [id=17709, stack(0x00007fe514592000,0x00007fe514692000) (1024K)]
  0x00007fe4bc00a070 WorkerThread "GC Thread#3"                     [id=17710, stack(0x00007fe514491000,0x00007fe514591000) (1024K)]
  0x00007fe4bc00af70 WorkerThread "GC Thread#4"                     [id=17711, stack(0x00007fe514390000,0x00007fe514490000) (1024K)]
  0x00007fe4bc00be70 WorkerThread "GC Thread#5"                     [id=17712, stack(0x00007fe51428f000,0x00007fe51438f000) (1024K)]
  0x00007fe4bc014720 WorkerThread "GC Thread#6"                     [id=17740, stack(0x00007fe4c2dff000,0x00007fe4c2eff000) (1024K)]
  0x00007fe4bc015e80 WorkerThread "GC Thread#7"                     [id=17741, stack(0x00007fe4c2cfe000,0x00007fe4c2dfe000) (1024K)]
  0x00007fe4bc016910 WorkerThread "GC Thread#8"                     [id=17742, stack(0x00007fe4c2bfd000,0x00007fe4c2cfd000) (1024K)]
  0x00007fe4bc017420 WorkerThread "GC Thread#9"                     [id=17743, stack(0x00007fe4c2afc000,0x00007fe4c2bfc000) (1024K)]
  0x00007fe5400974a0 ConcurrentGCThread "G1 Main Marker"            [id=17679, stack(0x00007fe5447db000,0x00007fe5448db000) (1024K)]
  0x00007fe540098450 WorkerThread "G1 Conc#0"                       [id=17680, stack(0x00007fe5446da000,0x00007fe5447da000) (1024K)]
  0x00007fe540141d40 ConcurrentGCThread "G1 Refine#0"               [id=17681, stack(0x00007fe515dff000,0x00007fe515eff000) (1024K)]
  0x00007fe540142d00 ConcurrentGCThread "G1 Service"                [id=17682, stack(0x00007fe515cfe000,0x00007fe515dfe000) (1024K)]
Total: 16

Threads with active compile tasks:
Total: 0

VM state: not at safepoint (normal execution)

VM Mutex/Monitor currently owned by a thread: None

Heap address: 0x0000000707a00000, size: 3974 MB, Compressed Oops mode: Zero based, Oop shift amount: 3

CDS archive(s) mapped at: [0x00007fe4c7000000-0x00007fe4c7ca0000-0x00007fe4c7ca0000), size 13238272, SharedBaseAddress: 0x00007fe4c7000000, ArchiveRelocationMode: 1.
Compressed class space mapped at: 0x00007fe4c8000000-0x00007fe508000000, reserved size: 1073741824
Narrow klass base: 0x00007fe4c7000000, Narrow klass shift: 0, Narrow klass range: 0x100000000

GC Precious Log:
 CardTable entry size: 512
 Card Set container configuration: InlinePtr #cards 4 size 8 Array Of Cards #cards 16 size 48 Howl #buckets 8 coarsen threshold 3686 Howl Bitmap #cards 512 size 80 coarsen threshold 460 Card regions per heap region 1 cards per card region 4096
 CPUs: 16 total, 16 available
 Memory: 15890M
 Large Page Support: Disabled
 NUMA Support: Disabled
 Compressed Oops: Enabled (Zero based)
 Heap Region Size: 2M
 Heap Min Capacity: 8M
 Heap Initial Capacity: 250M
 Heap Max Capacity: 3974M
 Pre-touch: Disabled
 Parallel Workers: 13
 Concurrent Workers: 3
 Concurrent Refinement Workers: 13
 Periodic GC: Disabled

Heap:
 garbage-first heap   total 258048K, used 29587K [0x0000000707a00000, 0x0000000800000000)
  region size 2048K, 11 young (22528K), 2 survivors (4096K)
 Metaspace       used 15539K, committed 15872K, reserved 1114112K
  class space    used 2319K, committed 2496K, reserved 1048576K

Heap Regions: E=young(eden), S=young(survivor), O=old, HS=humongous(starts), HC=humongous(continues), CS=collection set, F=free, TAMS=top-at-mark-start, PB=parsable bottom
|   0|0x0000000707a00000, 0x0000000707c00000, 0x0000000707c00000|100%| O|  |TAMS 0x0000000707a00000| PB 0x0000000707a00000| Untracked 
|   1|0x0000000707c00000, 0x0000000707e00000, 0x0000000707e00000|100%| O|  |TAMS 0x0000000707c00000| PB 0x0000000707c00000| Untracked 
|   2|0x0000000707e00000, 0x0000000708000000, 0x0000000708000000|100%| O|  |TAMS 0x0000000707e00000| PB 0x0000000707e00000| Untracked 
|   3|0x0000000708000000, 0x0000000708200000, 0x0000000708200000|100%| O|  |TAMS 0x0000000708000000| PB 0x0000000708000000| Untracked 
|   4|0x0000000708200000, 0x0000000708351790, 0x0000000708400000| 65%| O|  |TAMS 0x0000000708200000| PB 0x0000000708200000| Untracked 
|   5|0x0000000708400000, 0x0000000708400000, 0x0000000708600000|  0%| F|  |TAMS 0x0000000708400000| PB 0x0000000708400000| Untracked 
|   6|0x0000000708600000, 0x0000000708600000, 0x0000000708800000|  0%| F|  |TAMS 0x0000000708600000| PB 0x0000000708600000| Untracked 
|   7|0x0000000708800000, 0x0000000708800000, 0x0000000708a00000|  0%| F|  |TAMS 0x0000000708800000| PB 0x0000000708800000| Untracked 
|   8|0x0000000708a00000, 0x0000000708a00000, 0x0000000708c00000|  0%| F|  |TAMS 0x0000000708a00000| PB 0x0000000708a00000| Untracked 
|   9|0x0000000708c00000, 0x0000000708c00000, 0x0000000708e00000|  0%| F|  |TAMS 0x0000000708c00000| PB 0x0000000708c00000| Untracked 
|  10|0x0000000708e00000, 0x0000000708e00000, 0x0000000709000000|  0%| F|  |TAMS 0x0000000708e00000| PB 0x0000000708e00000| Untracked 
|  11|0x0000000709000000, 0x0000000709000000, 0x0000000709200000|  0%| F|  |TAMS 0x0000000709000000| PB 0x0000000709000000| Untracked 
|  12|0x0000000709200000, 0x0000000709200000, 0x0000000709400000|  0%| F|  |TAMS 0x0000000709200000| PB 0x0000000709200000| Untracked 
|  13|0x0000000709400000, 0x0000000709400000, 0x0000000709600000|  0%| F|  |TAMS 0x0000000709400000| PB 0x0000000709400000| Untracked 
|  14|0x0000000709600000, 0x0000000709600000, 0x0000000709800000|  0%| F|  |TAMS 0x0000000709600000| PB 0x0000000709600000| Untracked 
|  15|0x0000000709800000, 0x0000000709800000, 0x0000000709a00000|  0%| F|  |TAMS 0x0000000709800000| PB 0x0000000709800000| Untracked 
|  16|0x0000000709a00000, 0x0000000709a00000, 0x0000000709c00000|  0%| F|  |TAMS 0x0000000709a00000| PB 0x0000000709a00000| Untracked 
|  17|0x0000000709c00000, 0x0000000709c00000, 0x0000000709e00000|  0%| F|  |TAMS 0x0000000709c00000| PB 0x0000000709c00000| Untracked 
|  18|0x0000000709e00000, 0x0000000709e00000, 0x000000070a000000|  0%| F|  |TAMS 0x0000000709e00000| PB 0x0000000709e00000| Untracked 
|  19|0x000000070a000000, 0x000000070a000000, 0x000000070a200000|  0%| F|  |TAMS 0x000000070a000000| PB 0x000000070a000000| Untracked 
|  20|0x000000070a200000, 0x000000070a200000, 0x000000070a400000|  0%| F|  |TAMS 0x000000070a200000| PB 0x000000070a200000| Untracked 
|  21|0x000000070a400000, 0x000000070a400000, 0x000000070a600000|  0%| F|  |TAMS 0x000000070a400000| PB 0x000000070a400000| Untracked 
|  22|0x000000070a600000, 0x000000070a600000, 0x000000070a800000|  0%| F|  |TAMS 0x000000070a600000| PB 0x000000070a600000| Untracked 
|  23|0x000000070a800000, 0x000000070a800000, 0x000000070aa00000|  0%| F|  |TAMS 0x000000070a800000| PB 0x000000070a800000| Untracked 
|  24|0x000000070aa00000, 0x000000070aa00000, 0x000000070ac00000|  0%| F|  |TAMS 0x000000070aa00000| PB 0x000000070aa00000| Untracked 
|  25|0x000000070ac00000, 0x000000070ac00000, 0x000000070ae00000|  0%| F|  |TAMS 0x000000070ac00000| PB 0x000000070ac00000| Untracked 
|  26|0x000000070ae00000, 0x000000070ae00000, 0x000000070b000000|  0%| F|  |TAMS 0x000000070ae00000| PB 0x000000070ae00000| Untracked 
|  27|0x000000070b000000, 0x000000070b000000, 0x000000070b200000|  0%| F|  |TAMS 0x000000070b000000| PB 0x000000070b000000| Untracked 
|  28|0x000000070b200000, 0x000000070b200000, 0x000000070b400000|  0%| F|  |TAMS 0x000000070b200000| PB 0x000000070b200000| Untracked 
|  29|0x000000070b400000, 0x000000070b400000, 0x000000070b600000|  0%| F|  |TAMS 0x000000070b400000| PB 0x000000070b400000| Untracked 
|  30|0x000000070b600000, 0x000000070b600000, 0x000000070b800000|  0%| F|  |TAMS 0x000000070b600000| PB 0x000000070b600000| Untracked 
|  31|0x000000070b800000, 0x000000070b800000, 0x000000070ba00000|  0%| F|  |TAMS 0x000000070b800000| PB 0x000000070b800000| Untracked 
|  32|0x000000070ba00000, 0x000000070ba00000, 0x000000070bc00000|  0%| F|  |TAMS 0x000000070ba00000| PB 0x000000070ba00000| Untracked 
|  33|0x000000070bc00000, 0x000000070bc00000, 0x000000070be00000|  0%| F|  |TAMS 0x000000070bc00000| PB 0x000000070bc00000| Untracked 
|  34|0x000000070be00000, 0x000000070be00000, 0x000000070c000000|  0%| F|  |TAMS 0x000000070be00000| PB 0x000000070be00000| Untracked 
|  35|0x000000070c000000, 0x000000070c000000, 0x000000070c200000|  0%| F|  |TAMS 0x000000070c000000| PB 0x000000070c000000| Untracked 
|  36|0x000000070c200000, 0x000000070c200000, 0x000000070c400000|  0%| F|  |TAMS 0x000000070c200000| PB 0x000000070c200000| Untracked 
|  37|0x000000070c400000, 0x000000070c400000, 0x000000070c600000|  0%| F|  |TAMS 0x000000070c400000| PB 0x000000070c400000| Untracked 
|  38|0x000000070c600000, 0x000000070c600000, 0x000000070c800000|  0%| F|  |TAMS 0x000000070c600000| PB 0x000000070c600000| Untracked 
|  39|0x000000070c800000, 0x000000070c800000, 0x000000070ca00000|  0%| F|  |TAMS 0x000000070c800000| PB 0x000000070c800000| Untracked 
|  40|0x000000070ca00000, 0x000000070ca00000, 0x000000070cc00000|  0%| F|  |TAMS 0x000000070ca00000| PB 0x000000070ca00000| Untracked 
|  41|0x000000070cc00000, 0x000000070cc00000, 0x000000070ce00000|  0%| F|  |TAMS 0x000000070cc00000| PB 0x000000070cc00000| Untracked 
|  42|0x000000070ce00000, 0x000000070ce00000, 0x000000070d000000|  0%| F|  |TAMS 0x000000070ce00000| PB 0x000000070ce00000| Untracked 
|  43|0x000000070d000000, 0x000000070d000000, 0x000000070d200000|  0%| F|  |TAMS 0x000000070d000000| PB 0x000000070d000000| Untracked 
|  44|0x000000070d200000, 0x000000070d200000, 0x000000070d400000|  0%| F|  |TAMS 0x000000070d200000| PB 0x000000070d200000| Untracked 
|  45|0x000000070d400000, 0x000000070d400000, 0x000000070d600000|  0%| F|  |TAMS 0x000000070d400000| PB 0x000000070d400000| Untracked 
|  46|0x000000070d600000, 0x000000070d600000, 0x000000070d800000|  0%| F|  |TAMS 0x000000070d600000| PB 0x000000070d600000| Untracked 
|  47|0x000000070d800000, 0x000000070d800000, 0x000000070da00000|  0%| F|  |TAMS 0x000000070d800000| PB 0x000000070d800000| Untracked 
|  48|0x000000070da00000, 0x000000070da00000, 0x000000070dc00000|  0%| F|  |TAMS 0x000000070da00000| PB 0x000000070da00000| Untracked 
|  49|0x000000070dc00000, 0x000000070dc00000, 0x000000070de00000|  0%| F|  |TAMS 0x000000070dc00000| PB 0x000000070dc00000| Untracked 
|  50|0x000000070de00000, 0x000000070de00000, 0x000000070e000000|  0%| F|  |TAMS 0x000000070de00000| PB 0x000000070de00000| Untracked 
|  51|0x000000070e000000, 0x000000070e000000, 0x000000070e200000|  0%| F|  |TAMS 0x000000070e000000| PB 0x000000070e000000| Untracked 
|  52|0x000000070e200000, 0x000000070e200000, 0x000000070e400000|  0%| F|  |TAMS 0x000000070e200000| PB 0x000000070e200000| Untracked 
|  53|0x000000070e400000, 0x000000070e400000, 0x000000070e600000|  0%| F|  |TAMS 0x000000070e400000| PB 0x000000070e400000| Untracked 
|  54|0x000000070e600000, 0x000000070e600000, 0x000000070e800000|  0%| F|  |TAMS 0x000000070e600000| PB 0x000000070e600000| Untracked 
|  55|0x000000070e800000, 0x000000070e800000, 0x000000070ea00000|  0%| F|  |TAMS 0x000000070e800000| PB 0x000000070e800000| Untracked 
|  56|0x000000070ea00000, 0x000000070ea00000, 0x000000070ec00000|  0%| F|  |TAMS 0x000000070ea00000| PB 0x000000070ea00000| Untracked 
|  57|0x000000070ec00000, 0x000000070ec00000, 0x000000070ee00000|  0%| F|  |TAMS 0x000000070ec00000| PB 0x000000070ec00000| Untracked 
|  58|0x000000070ee00000, 0x000000070ee00000, 0x000000070f000000|  0%| F|  |TAMS 0x000000070ee00000| PB 0x000000070ee00000| Untracked 
|  59|0x000000070f000000, 0x000000070f000000, 0x000000070f200000|  0%| F|  |TAMS 0x000000070f000000| PB 0x000000070f000000| Untracked 
|  60|0x000000070f200000, 0x000000070f200000, 0x000000070f400000|  0%| F|  |TAMS 0x000000070f200000| PB 0x000000070f200000| Untracked 
|  61|0x000000070f400000, 0x000000070f400000, 0x000000070f600000|  0%| F|  |TAMS 0x000000070f400000| PB 0x000000070f400000| Untracked 
|  62|0x000000070f600000, 0x000000070f600000, 0x000000070f800000|  0%| F|  |TAMS 0x000000070f600000| PB 0x000000070f600000| Untracked 
|  63|0x000000070f800000, 0x000000070f800000, 0x000000070fa00000|  0%| F|  |TAMS 0x000000070f800000| PB 0x000000070f800000| Untracked 
|  64|0x000000070fa00000, 0x000000070fa00000, 0x000000070fc00000|  0%| F|  |TAMS 0x000000070fa00000| PB 0x000000070fa00000| Untracked 
|  65|0x000000070fc00000, 0x000000070fc00000, 0x000000070fe00000|  0%| F|  |TAMS 0x000000070fc00000| PB 0x000000070fc00000| Untracked 
|  66|0x000000070fe00000, 0x000000070fe00000, 0x0000000710000000|  0%| F|  |TAMS 0x000000070fe00000| PB 0x000000070fe00000| Untracked 
|  67|0x0000000710000000, 0x0000000710000000, 0x0000000710200000|  0%| F|  |TAMS 0x0000000710000000| PB 0x0000000710000000| Untracked 
|  68|0x0000000710200000, 0x0000000710200000, 0x0000000710400000|  0%| F|  |TAMS 0x0000000710200000| PB 0x0000000710200000| Untracked 
|  69|0x0000000710400000, 0x0000000710400000, 0x0000000710600000|  0%| F|  |TAMS 0x0000000710400000| PB 0x0000000710400000| Untracked 
|  70|0x0000000710600000, 0x0000000710600000, 0x0000000710800000|  0%| F|  |TAMS 0x0000000710600000| PB 0x0000000710600000| Untracked 
|  71|0x0000000710800000, 0x0000000710800000, 0x0000000710a00000|  0%| F|  |TAMS 0x0000000710800000| PB 0x0000000710800000| Untracked 
|  72|0x0000000710a00000, 0x0000000710a00000, 0x0000000710c00000|  0%| F|  |TAMS 0x0000000710a00000| PB 0x0000000710a00000| Untracked 
|  73|0x0000000710c00000, 0x0000000710c00000, 0x0000000710e00000|  0%| F|  |TAMS 0x0000000710c00000| PB 0x0000000710c00000| Untracked 
|  74|0x0000000710e00000, 0x0000000710e00000, 0x0000000711000000|  0%| F|  |TAMS 0x0000000710e00000| PB 0x0000000710e00000| Untracked 
|  75|0x0000000711000000, 0x0000000711000000, 0x0000000711200000|  0%| F|  |TAMS 0x0000000711000000| PB 0x0000000711000000| Untracked 
|  76|0x0000000711200000, 0x0000000711200000, 0x0000000711400000|  0%| F|  |TAMS 0x0000000711200000| PB 0x0000000711200000| Untracked 
|  77|0x0000000711400000, 0x0000000711400000, 0x0000000711600000|  0%| F|  |TAMS 0x0000000711400000| PB 0x0000000711400000| Untracked 
|  78|0x0000000711600000, 0x0000000711600000, 0x0000000711800000|  0%| F|  |TAMS 0x0000000711600000| PB 0x0000000711600000| Untracked 
|  79|0x0000000711800000, 0x0000000711800000, 0x0000000711a00000|  0%| F|  |TAMS 0x0000000711800000| PB 0x0000000711800000| Untracked 
|  80|0x0000000711a00000, 0x0000000711a00000, 0x0000000711c00000|  0%| F|  |TAMS 0x0000000711a00000| PB 0x0000000711a00000| Untracked 
|  81|0x0000000711c00000, 0x0000000711c00000, 0x0000000711e00000|  0%| F|  |TAMS 0x0000000711c00000| PB 0x0000000711c00000| Untracked 
|  82|0x0000000711e00000, 0x0000000711e00000, 0x0000000712000000|  0%| F|  |TAMS 0x0000000711e00000| PB 0x0000000711e00000| Untracked 
|  83|0x0000000712000000, 0x0000000712000000, 0x0000000712200000|  0%| F|  |TAMS 0x0000000712000000| PB 0x0000000712000000| Untracked 
|  84|0x0000000712200000, 0x0000000712200000, 0x0000000712400000|  0%| F|  |TAMS 0x0000000712200000| PB 0x0000000712200000| Untracked 
|  85|0x0000000712400000, 0x0000000712400000, 0x0000000712600000|  0%| F|  |TAMS 0x0000000712400000| PB 0x0000000712400000| Untracked 
|  86|0x0000000712600000, 0x0000000712600000, 0x0000000712800000|  0%| F|  |TAMS 0x0000000712600000| PB 0x0000000712600000| Untracked 
|  87|0x0000000712800000, 0x0000000712800000, 0x0000000712a00000|  0%| F|  |TAMS 0x0000000712800000| PB 0x0000000712800000| Untracked 
|  88|0x0000000712a00000, 0x0000000712a00000, 0x0000000712c00000|  0%| F|  |TAMS 0x0000000712a00000| PB 0x0000000712a00000| Untracked 
|  89|0x0000000712c00000, 0x0000000712c00000, 0x0000000712e00000|  0%| F|  |TAMS 0x0000000712c00000| PB 0x0000000712c00000| Untracked 
|  90|0x0000000712e00000, 0x0000000712e00000, 0x0000000713000000|  0%| F|  |TAMS 0x0000000712e00000| PB 0x0000000712e00000| Untracked 
|  91|0x0000000713000000, 0x0000000713000000, 0x0000000713200000|  0%| F|  |TAMS 0x0000000713000000| PB 0x0000000713000000| Untracked 
|  92|0x0000000713200000, 0x0000000713200000, 0x0000000713400000|  0%| F|  |TAMS 0x0000000713200000| PB 0x0000000713200000| Untracked 
|  93|0x0000000713400000, 0x0000000713400000, 0x0000000713600000|  0%| F|  |TAMS 0x0000000713400000| PB 0x0000000713400000| Untracked 
|  94|0x0000000713600000, 0x0000000713600000, 0x0000000713800000|  0%| F|  |TAMS 0x0000000713600000| PB 0x0000000713600000| Untracked 
|  95|0x0000000713800000, 0x0000000713800000, 0x0000000713a00000|  0%| F|  |TAMS 0x0000000713800000| PB 0x0000000713800000| Untracked 
|  96|0x0000000713a00000, 0x0000000713a00000, 0x0000000713c00000|  0%| F|  |TAMS 0x0000000713a00000| PB 0x0000000713a00000| Untracked 
|  97|0x0000000713c00000, 0x0000000713c00000, 0x0000000713e00000|  0%| F|  |TAMS 0x0000000713c00000| PB 0x0000000713c00000| Untracked 
|  98|0x0000000713e00000, 0x0000000713e00000, 0x0000000714000000|  0%| F|  |TAMS 0x0000000713e00000| PB 0x0000000713e00000| Untracked 
|  99|0x0000000714000000, 0x0000000714000000, 0x0000000714200000|  0%| F|  |TAMS 0x0000000714000000| PB 0x0000000714000000| Untracked 
| 100|0x0000000714200000, 0x0000000714200000, 0x0000000714400000|  0%| F|  |TAMS 0x0000000714200000| PB 0x0000000714200000| Untracked 
| 101|0x0000000714400000, 0x0000000714400000, 0x0000000714600000|  0%| F|  |TAMS 0x0000000714400000| PB 0x0000000714400000| Untracked 
| 102|0x0000000714600000, 0x0000000714600000, 0x0000000714800000|  0%| F|  |TAMS 0x0000000714600000| PB 0x0000000714600000| Untracked 
| 103|0x0000000714800000, 0x0000000714800000, 0x0000000714a00000|  0%| F|  |TAMS 0x0000000714800000| PB 0x0000000714800000| Untracked 
| 104|0x0000000714a00000, 0x0000000714a00000, 0x0000000714c00000|  0%| F|  |TAMS 0x0000000714a00000| PB 0x0000000714a00000| Untracked 
| 105|0x0000000714c00000, 0x0000000714c86e98, 0x0000000714e00000| 26%| S|CS|TAMS 0x0000000714c00000| PB 0x0000000714c00000| Complete 
| 106|0x0000000714e00000, 0x0000000715000000, 0x0000000715000000|100%| S|CS|TAMS 0x0000000714e00000| PB 0x0000000714e00000| Complete 
| 107|0x0000000715000000, 0x0000000715000000, 0x0000000715200000|  0%| F|  |TAMS 0x0000000715000000| PB 0x0000000715000000| Untracked 
| 108|0x0000000715200000, 0x0000000715200000, 0x0000000715400000|  0%| F|  |TAMS 0x0000000715200000| PB 0x0000000715200000| Untracked 
| 109|0x0000000715400000, 0x0000000715400000, 0x0000000715600000|  0%| F|  |TAMS 0x0000000715400000| PB 0x0000000715400000| Untracked 
| 110|0x0000000715600000, 0x0000000715600000, 0x0000000715800000|  0%| F|  |TAMS 0x0000000715600000| PB 0x0000000715600000| Untracked 
| 111|0x0000000715800000, 0x0000000715800000, 0x0000000715a00000|  0%| F|  |TAMS 0x0000000715800000| PB 0x0000000715800000| Untracked 
| 112|0x0000000715a00000, 0x0000000715a00000, 0x0000000715c00000|  0%| F|  |TAMS 0x0000000715a00000| PB 0x0000000715a00000| Untracked 
| 113|0x0000000715c00000, 0x0000000715c00000, 0x0000000715e00000|  0%| F|  |TAMS 0x0000000715c00000| PB 0x0000000715c00000| Untracked 
| 114|0x0000000715e00000, 0x0000000715e00000, 0x0000000716000000|  0%| F|  |TAMS 0x0000000715e00000| PB 0x0000000715e00000| Untracked 
| 115|0x0000000716000000, 0x0000000716000000, 0x0000000716200000|  0%| F|  |TAMS 0x0000000716000000| PB 0x0000000716000000| Untracked 
| 116|0x0000000716200000, 0x000000071629b2c8, 0x0000000716400000| 30%| E|  |TAMS 0x0000000716200000| PB 0x0000000716200000| Complete 
| 117|0x0000000716400000, 0x0000000716600000, 0x0000000716600000|100%| E|CS|TAMS 0x0000000716400000| PB 0x0000000716400000| Complete 
| 118|0x0000000716600000, 0x0000000716800000, 0x0000000716800000|100%| E|CS|TAMS 0x0000000716600000| PB 0x0000000716600000| Complete 
| 119|0x0000000716800000, 0x0000000716a00000, 0x0000000716a00000|100%| E|CS|TAMS 0x0000000716800000| PB 0x0000000716800000| Complete 
| 120|0x0000000716a00000, 0x0000000716c00000, 0x0000000716c00000|100%| E|CS|TAMS 0x0000000716a00000| PB 0x0000000716a00000| Complete 
| 121|0x0000000716c00000, 0x0000000716e00000, 0x0000000716e00000|100%| E|CS|TAMS 0x0000000716c00000| PB 0x0000000716c00000| Complete 
| 122|0x0000000716e00000, 0x0000000717000000, 0x0000000717000000|100%| E|CS|TAMS 0x0000000716e00000| PB 0x0000000716e00000| Complete 
| 123|0x0000000717000000, 0x0000000717200000, 0x0000000717200000|100%| E|CS|TAMS 0x0000000717000000| PB 0x0000000717000000| Complete 
| 124|0x0000000717200000, 0x0000000717400000, 0x0000000717400000|100%| E|CS|TAMS 0x0000000717200000| PB 0x0000000717200000| Complete 
|1986|0x00000007ffe00000, 0x00000007fff0c7a0, 0x0000000800000000| 52%| O|  |TAMS 0x00000007ffe00000| PB 0x00000007ffe00000| Untracked 

Card table byte_map: [0x00007fe544a9b000,0x00007fe54525e000] _byte_map_base: 0x00007fe54125e000

Marking Bits: (CMBitMap*) 0x00007fe540087140
 Bits: [0x00007fe5245e8000, 0x00007fe528400000)

Polling page: 0x00007fe5484c8000

Metaspace:

Usage:
  Non-class:     12.91 MB used.
      Class:      2.26 MB used.
       Both:     15.18 MB used.

Virtual space:
  Non-class space:       64.00 MB reserved,      13.06 MB ( 20%) committed,  1 nodes.
      Class space:        1.00 GB reserved,       2.44 MB ( <1%) committed,  1 nodes.
             Both:        1.06 GB reserved,      15.50 MB (  1%) committed. 

Chunk freelists:
   Non-Class:  2.45 MB
       Class:  13.59 MB
        Both:  16.05 MB

MaxMetaspaceSize: unlimited
CompressedClassSpaceSize: 1.00 GB
Initial GC threshold: 21.00 MB
Current GC threshold: 21.00 MB
CDS: on
 - commit_granule_bytes: 65536.
 - commit_granule_words: 8192.
 - virtual_space_node_default_size: 8388608.
 - enlarge_chunks_in_place: 1.
 - use_allocation_guard: 0.


Internal statistics:

num_allocs_failed_limit: 0.
num_arena_births: 294.
num_arena_deaths: 0.
num_vsnodes_births: 2.
num_vsnodes_deaths: 0.
num_space_committed: 248.
num_space_uncommitted: 0.
num_chunks_returned_to_freelist: 0.
num_chunks_taken_from_freelist: 847.
num_chunk_merges: 0.
num_chunk_splits: 525.
num_chunks_enlarged: 376.
num_inconsistent_stats: 0.

CodeHeap 'non-profiled nmethods': size=119168Kb used=1029Kb max_used=1029Kb free=118138Kb
 bounds [0x00007fe52ffa0000, 0x00007fe530210000, 0x00007fe537400000]
CodeHeap 'profiled nmethods': size=119164Kb used=6291Kb max_used=6291Kb free=112872Kb
 bounds [0x00007fe528400000, 0x00007fe528a30000, 0x00007fe52f85f000]
CodeHeap 'non-nmethods': size=7428Kb used=1449Kb max_used=3207Kb free=5978Kb
 bounds [0x00007fe52f85f000, 0x00007fe52fb9f000, 0x00007fe52ffa0000]
CodeCache: size=245760Kb, used=8769Kb, max_used=10527Kb, free=236988Kb
 total_blobs=3448, nmethods=2950, adapters=402, full_count=0
Compilation: enabled, stopped_count=0, restarted_count=0

Compilation events (20 events):
Event: 1.571 Thread 0x00007fe48822ba20 2964       4       java.lang.invoke.MethodTypeForm::canonicalize (74 bytes)
Event: 1.571 Thread 0x00007fe48822ba20 nmethod 2964 0x00007fe53009d490 code [0x00007fe53009d620, 0x00007fe53009d6f8]
Event: 1.571 Thread 0x00007fe49c077030 2965       3       java.lang.invoke.MemberName::equals (69 bytes)
Event: 1.572 Thread 0x00007fe47c186c80 nmethod 2959 0x00007fe53009d810 code [0x00007fe53009d9e0, 0x00007fe53009e1d0]
Event: 1.572 Thread 0x00007fe49c077030 nmethod 2965 0x00007fe528a23790 code [0x00007fe528a23a20, 0x00007fe528a24550]
Event: 1.573 Thread 0x00007fe48803be70 2966       3       java.lang.ref.WeakReference::<init> (6 bytes)
Event: 1.573 Thread 0x00007fe48803be70 nmethod 2966 0x00007fe528a24890 code [0x00007fe528a24a40, 0x00007fe528a24d50]
Event: 1.579 Thread 0x00007fe468151a80 nmethod 2930 0x00007fe53009e610 code [0x00007fe53009e940, 0x00007fe5300a0568]
Event: 1.621 Thread 0x00007fe47c2a07c0 

Event: 1.621 Thread 0x00007fe47c2a07c0 

Event: 1.621 Thread 0x00007fe47c2a07c0 

Event: 1.644 Thread 0x00007fe47c24d8e0 

Event: 1.644 Thread 0x00007fe47c24d8e0 

Event: 1.644 Thread 0x00007fe47c24d8e0 

Event: 1.677 Thread 0x00007fe54017ef20 

Event: 1.677 Thread 0x00007fe54017ef20 

Event: 1.677 Thread 0x00007fe54017ef20 

Event: 1.777 Thread 0x00007fe47c187940 

Event: 1.777 Thread 0x00007fe47c187940 

Event: 1.777 Thread 0x00007fe47c187940 


GC Heap History (4 events):
Event: 0.513 GC heap before
{Heap before GC invocations=0 (full 0):
 garbage-first heap   total 258048K, used 23601K [0x0000000707a00000, 0x0000000800000000)
  region size 2048K, 11 young (22528K), 0 survivors (0K)
 Metaspace       used 4418K, committed 4672K, reserved 1114112K
  class space    used 516K, committed 640K, reserved 1048576K
}
Event: 0.519 GC heap after
{Heap after GC invocations=1 (full 0):
 garbage-first heap   total 258048K, used 10352K [0x0000000707a00000, 0x0000000800000000)
  region size 2048K, 2 young (4096K), 2 survivors (4096K)
 Metaspace       used 4418K, committed 4672K, reserved 1114112K
  class space    used 516K, committed 640K, reserved 1048576K
}
Event: 1.196 GC heap before
{Heap before GC invocations=1 (full 0):
 garbage-first heap   total 258048K, used 43120K [0x0000000707a00000, 0x0000000800000000)
  region size 2048K, 18 young (36864K), 2 survivors (4096K)
 Metaspace       used 13044K, committed 13312K, reserved 1114112K
  class space    used 1922K, committed 2048K, reserved 1048576K
}
Event: 1.202 GC heap after
{Heap after GC invocations=2 (full 0):
 garbage-first heap   total 258048K, used 13203K [0x0000000707a00000, 0x0000000800000000)
  region size 2048K, 2 young (4096K), 2 survivors (4096K)
 Metaspace       used 13044K, committed 13312K, reserved 1114112K
  class space    used 1922K, committed 2048K, reserved 1048576K
}

Dll operation events (12 events):
Event: 0.001 Loaded shared library /usr/lib/jvm/java-21-openjdk/lib/libjava.so
Event: 0.023 Loaded shared library /usr/lib/jvm/java-21-openjdk/lib/libjsvml.so
Event: 0.196 Loaded shared library /usr/lib/jvm/java-21-openjdk/lib/libnio.so
Event: 0.199 Loaded shared library /usr/lib/jvm/java-21-openjdk/lib/libzip.so
Event: 0.302 Loaded shared library /usr/lib/jvm/java-21-openjdk/lib/libjimage.so
Event: 0.321 Loaded shared library /usr/lib/jvm/java-21-openjdk/lib/libnet.so
Event: 0.324 Loaded shared library /usr/lib/jvm/java-21-openjdk/lib/libextnet.so
Event: 0.608 Loaded shared library /usr/lib/jvm/java-21-openjdk/lib/libmanagement.so
Event: 0.609 Loaded shared library /usr/lib/jvm/java-21-openjdk/lib/libmanagement_ext.so
Event: 0.841 Loaded shared library /usr/lib/jvm/java-21-openjdk/lib/libinstrument.so
Event: 0.841 Loaded shared library /usr/lib/jvm/java-21-openjdk/lib/libzip.so
Event: 0.843 Loaded shared library /usr/lib/jvm/java-21-openjdk/lib/libinstrument.so

Deoptimization events (20 events):
Event: 1.540 Thread 0x00007fe54001d4e0 Uncommon trap: trap_request=0xffffff45 fr.pc=0x00007fe52ffa22f0 relative=0x0000000000000070
Event: 1.540 Thread 0x00007fe54001d4e0 Uncommon trap: reason=unstable_if action=reinterpret pc=0x00007fe52ffa22f0 method=java.lang.String.isLatin1()Z @ 10 c2
Event: 1.540 Thread 0x00007fe54001d4e0 DEOPT PACKING pc=0x00007fe52ffa22f0 sp=0x00007fe5469fa220
Event: 1.540 Thread 0x00007fe54001d4e0 DEOPT UNPACKING pc=0x00007fe52f8b2f99 sp=0x00007fe5469fa1e0 mode 2
Event: 1.542 Thread 0x00007fe54001d4e0 Uncommon trap: trap_request=0xffffff45 fr.pc=0x00007fe52fffc254 relative=0x0000000000000294
Event: 1.542 Thread 0x00007fe54001d4e0 Uncommon trap: reason=unstable_if action=reinterpret pc=0x00007fe52fffc254 method=java.lang.String.isLatin1()Z @ 10 c2
Event: 1.542 Thread 0x00007fe54001d4e0 DEOPT PACKING pc=0x00007fe52fffc254 sp=0x00007fe5469fb390
Event: 1.542 Thread 0x00007fe54001d4e0 DEOPT UNPACKING pc=0x00007fe52f8b2f99 sp=0x00007fe5469fb2e0 mode 2
Event: 1.564 Thread 0x00007fe54001d4e0 DEOPT PACKING pc=0x00007fe5285514f1 sp=0x00007fe5469fa630
Event: 1.564 Thread 0x00007fe54001d4e0 DEOPT UNPACKING pc=0x00007fe52f8b372f sp=0x00007fe5469f9aa8 mode 1
Event: 1.564 Thread 0x00007fe54001d4e0 DEOPT PACKING pc=0x00007fe52854fe64 sp=0x00007fe5469fa6c0
Event: 1.564 Thread 0x00007fe54001d4e0 DEOPT UNPACKING pc=0x00007fe52f8b372f sp=0x00007fe5469f9b88 mode 1
Event: 1.564 Thread 0x00007fe54001d4e0 DEOPT PACKING pc=0x00007fe5285ae46c sp=0x00007fe5469faf40
Event: 1.564 Thread 0x00007fe54001d4e0 DEOPT UNPACKING pc=0x00007fe52f8b372f sp=0x00007fe5469fa428 mode 1
Event: 1.564 Thread 0x00007fe54001d4e0 DEOPT PACKING pc=0x00007fe5285adf74 sp=0x00007fe5469fafd0
Event: 1.564 Thread 0x00007fe54001d4e0 DEOPT UNPACKING pc=0x00007fe52f8b372f sp=0x00007fe5469fa4c8 mode 1
Event: 1.571 Thread 0x00007fe54001d4e0 DEOPT PACKING pc=0x00007fe5285514f1 sp=0x00007fe5469fa6e0
Event: 1.571 Thread 0x00007fe54001d4e0 DEOPT UNPACKING pc=0x00007fe52f8b372f sp=0x00007fe5469f9b58 mode 1
Event: 1.571 Thread 0x00007fe54001d4e0 DEOPT PACKING pc=0x00007fe52854fe64 sp=0x00007fe5469fa770
Event: 1.571 Thread 0x00007fe54001d4e0 DEOPT UNPACKING pc=0x00007fe52f8b372f sp=0x00007fe5469f9c38 mode 1

Classes loaded (20 events):
Event: 1.571 Loading class jakarta/persistence/EntityNotFoundException
Event: 1.571 Loading class jakarta/persistence/EntityNotFoundException done
Event: 1.571 Loading class jakarta/persistence/EntityNotFoundException
Event: 1.571 Loading class jakarta/persistence/EntityNotFoundException done
Event: 1.573 Loading class org/mockito/internal/stubbing/UnusedStubbingReporting
Event: 1.573 Loading class org/mockito/internal/stubbing/UnusedStubbingReporting done
Event: 1.573 Loading class java/util/OptionalDouble
Event: 1.573 Loading class java/util/OptionalDouble done
Event: 1.573 Loading class java/util/OptionalInt
Event: 1.573 Loading class java/util/OptionalInt done
Event: 1.573 Loading class java/util/OptionalLong
Event: 1.573 Loading class java/util/OptionalLong done
Event: 1.826 Loading class org/mockito/internal/invocation/RealMethod$FromCallable
Event: 1.826 Loading class org/mockito/internal/invocation/RealMethod$FromCallable done
Event: 1.827 Loading class org/mockito/internal/invocation/RealMethod$FromBehavior
Event: 1.827 Loading class org/mockito/internal/invocation/RealMethod$FromBehavior done
Event: 1.827 Loading class org/mockito/invocation/InvocationFactory$RealMethodBehavior
Event: 1.827 Loading class org/mockito/invocation/InvocationFactory$RealMethodBehavior done
Event: 1.827 Loading class org/mockito/internal/invocation/RealMethod$FromCallable$1
Event: 1.827 Loading class org/mockito/internal/invocation/RealMethod$FromCallable$1 done

Classes unloaded (0 events):
No events

Classes redefined (12 events):
Event: 1.244 Thread 0x00007fe54016eab0 redefined class name=org.springframework.data.jpa.repository.JpaRepository, count=1
Event: 1.244 Thread 0x00007fe54016eab0 redefined class name=org.springframework.data.repository.CrudRepository, count=1
Event: 1.244 Thread 0x00007fe54016eab0 redefined class name=org.springframework.data.repository.Repository, count=1
Event: 1.244 Thread 0x00007fe54016eab0 redefined class name=com.alececco.y.repository.PostRepository, count=1
Event: 1.244 Thread 0x00007fe54016eab0 redefined class name=org.springframework.data.repository.ListPagingAndSortingRepository, count=1
Event: 1.244 Thread 0x00007fe54016eab0 redefined class name=org.springframework.data.repository.ListCrudRepository, count=1
Event: 1.244 Thread 0x00007fe54016eab0 redefined class name=org.springframework.data.repository.PagingAndSortingRepository, count=1
Event: 1.244 Thread 0x00007fe54016eab0 redefined class name=org.springframework.data.repository.query.QueryByExampleExecutor, count=1
Event: 1.379 Thread 0x00007fe54016eab0 redefined class name=java.lang.Object, count=1
Event: 1.379 Thread 0x00007fe54016eab0 redefined class name=com.alececco.y.components.PostMapper, count=2
Event: 1.399 Thread 0x00007fe54016eab0 redefined class name=com.alececco.y.repository.UserRepository, count=2
Event: 1.506 Thread 0x00007fe54016eab0 redefined class name=com.alececco.y.service.AudioService, count=2

Internal exceptions (20 events):
Event: 0.626 Thread 0x00007fe54001d4e0 Exception <a 'java/lang/NoSuchMethodError'{0x0000000716ffbfb0}: 'long java.lang.invoke.DelegatingMethodHandle$Holder.reinvoke_L(java.lang.Object, java.lang.Object)'> (0x0000000716ffbfb0) 
thrown [/usr/src/debug/java21-openjdk/jdk21u-jdk-21.0.9-10/src/hotspot/share/interpreter/linkResolver.cpp, line 772]
Event: 0.632 Thread 0x00007fe54001d4e0 Exception <a 'java/lang/NoSuchMethodError'{0x0000000716c2b9e8}: 'java.lang.Object java.lang.invoke.DirectMethodHandle$Holder.newInvokeSpecial(java.lang.Object, java.lang.Object, java.lang.Object, int)'> (0x0000000716c2b9e8) 
thrown [/usr/src/debug/java21-openjdk/jdk21u-jdk-21.0.9-10/src/hotspot/share/interpreter/linkResolver.cpp, line 772]
Event: 0.632 Thread 0x00007fe54001d4e0 Exception <a 'java/lang/NoSuchMethodError'{0x0000000716c30150}: 'java.lang.Object java.lang.invoke.DirectMethodHandle$Holder.invokeSpecial(java.lang.Object, java.lang.Object, java.lang.Object, java.lang.Object, int)'> (0x0000000716c30150) 
thrown [/usr/src/debug/java21-openjdk/jdk21u-jdk-21.0.9-10/src/hotspot/share/interpreter/linkResolver.cpp, line 772]
Event: 0.633 Thread 0x00007fe54001d4e0 Exception <a 'java/lang/NoSuchMethodError'{0x0000000716c34018}: 'java.lang.Object java.lang.invoke.Invokers$Holder.linkToTargetMethod(java.lang.Object, java.lang.Object, int, java.lang.Object)'> (0x0000000716c34018) 
thrown [/usr/src/debug/java21-openjdk/jdk21u-jdk-21.0.9-10/src/hotspot/share/interpreter/linkResolver.cpp, line 772]
Event: 0.634 Thread 0x00007fe54001d4e0 Exception <a 'java/lang/NoSuchMethodError'{0x0000000716c42ce0}: 'java.lang.Object java.lang.invoke.DirectMethodHandle$Holder.newInvokeSpecial(java.lang.Object, java.lang.Object, int)'> (0x0000000716c42ce0) 
thrown [/usr/src/debug/java21-openjdk/jdk21u-jdk-21.0.9-10/src/hotspot/share/interpreter/linkResolver.cpp, line 772]
Event: 0.887 Thread 0x00007fe54001d4e0 Exception <a 'java/lang/NoSuchMethodError'{0x0000000716df4840}: 'java.lang.Object java.lang.invoke.DirectMethodHandle$Holder.invokeStatic(java.lang.Object, int, java.lang.Object)'> (0x0000000716df4840) 
thrown [/usr/src/debug/java21-openjdk/jdk21u-jdk-21.0.9-10/src/hotspot/share/interpreter/linkResolver.cpp, line 772]
Event: 1.020 Thread 0x00007fe54001d4e0 Exception <a 'java/lang/NoSuchMethodError'{0x0000000716358640}: 'int java.lang.invoke.DirectMethodHandle$Holder.invokeInterface(java.lang.Object, java.lang.Object)'> (0x0000000716358640) 
thrown [/usr/src/debug/java21-openjdk/jdk21u-jdk-21.0.9-10/src/hotspot/share/interpreter/linkResolver.cpp, line 772]
Event: 1.156 Thread 0x00007fe54001d4e0 Exception <a 'java/lang/NoSuchMethodError'{0x0000000715337a60}: method resolution failed> (0x0000000715337a60) 
thrown [/usr/src/debug/java21-openjdk/jdk21u-jdk-21.0.9-10/src/hotspot/share/prims/methodHandles.cpp, line 1136]
Event: 1.172 Thread 0x00007fe54001d4e0 Exception <a 'java/lang/NoSuchMethodError'{0x000000071506f2f0}: 'int java.lang.invoke.DirectMethodHandle$Holder.invokeVirtual(java.lang.Object, java.lang.Object, java.lang.Object)'> (0x000000071506f2f0) 
thrown [/usr/src/debug/java21-openjdk/jdk21u-jdk-21.0.9-10/src/hotspot/share/interpreter/linkResolver.cpp, line 772]
Event: 1.184 Thread 0x00007fe54001d4e0 Exception <a 'java/lang/NoSuchMethodError'{0x000000071511ff18}: method resolution failed> (0x000000071511ff18) 
thrown [/usr/src/debug/java21-openjdk/jdk21u-jdk-21.0.9-10/src/hotspot/share/prims/methodHandles.cpp, line 1136]
Event: 1.185 Thread 0x00007fe54001d4e0 Exception <a 'java/lang/NoSuchMethodError'{0x000000071512db20}: 'java.lang.Class java.lang.Class.getNestHost(java.lang.Class)'> (0x000000071512db20) 
thrown [/usr/src/debug/java21-openjdk/jdk21u-jdk-21.0.9-10/src/hotspot/share/interpreter/linkResolver.cpp, line 772]
Event: 1.186 Thread 0x00007fe54001d4e0 Exception <a 'java/lang/NoSuchMethodError'{0x000000071512ff48}: 'java.lang.Class[] java.lang.Class.getNestMembers(java.lang.Class)'> (0x000000071512ff48) 
thrown [/usr/src/debug/java21-openjdk/jdk21u-jdk-21.0.9-10/src/hotspot/share/interpreter/linkResolver.cpp, line 772]
Event: 1.252 Thread 0x00007fe54001d4e0 Exception <a 'java/lang/NoSuchMethodError'{0x000000071707d700}: 'int java.lang.invoke.DirectMethodHandle$Holder.invokeSpecial(java.lang.Object, java.lang.Object, java.lang.Object, java.lang.Object, java.lang.Object)'> (0x000000071707d700) 
thrown [/usr/src/debug/java21-openjdk/jdk21u-jdk-21.0.9-10/src/hotspot/share/interpreter/linkResolver.cpp, line 772]
Event: 1.252 Thread 0x00007fe54001d4e0 Exception <a 'java/lang/NoSuchMethodError'{0x00000007170811f8}: 'int java.lang.invoke.DelegatingMethodHandle$Holder.reinvoke_L(java.lang.Object, java.lang.Object, java.lang.Object, java.lang.Object)'> (0x00000007170811f8) 
thrown [/usr/src/debug/java21-openjdk/jdk21u-jdk-21.0.9-10/src/hotspot/share/interpreter/linkResolver.cpp, line 772]
Event: 1.330 Thread 0x00007fe54001d4e0 Exception <a 'java/lang/IncompatibleClassChangeError'{0x0000000716ddaac0}: Found class java.lang.Object, but interface was expected> (0x0000000716ddaac0) 
thrown [/usr/src/debug/java21-openjdk/jdk21u-jdk-21.0.9-10/src/hotspot/share/interpreter/linkResolver.cpp, line 840]
Event: 1.354 Thread 0x00007fe54001d4e0 Exception <a 'java/lang/NoSuchMethodError'{0x0000000716b0feb0}: 'void java.lang.invoke.DelegatingMethodHandle$Holder.reinvoke_L(java.lang.Object, java.lang.Object, java.lang.Object, java.lang.Object, java.lang.Object, java.lang.Object, java.lang.Object, java.lang.Object)'> (0x0000000716b0feb0) 
thrown [/usr/src/debug/java21-openjdk/jdk21u-jdk-21.0.9-10/src/hotspot/share/interpreter/linkResolver.cpp, line 772]
Event: 1.531 Thread 0x00007fe54001d4e0 Exception <a 'java/lang/NoSuchMethodError'{0x0000000716433a50}: 'java.lang.Object java.lang.invoke.Invokers$Holder.invoker(java.lang.Object, java.lang.Object, java.lang.Object, java.lang.Object, java.lang.Object, java.lang.Object)'> (0x0000000716433a50) 
thrown [/usr/src/debug/java21-openjdk/jdk21u-jdk-21.0.9-10/src/hotspot/share/interpreter/linkResolver.cpp, line 772]
Event: 1.535 Thread 0x00007fe54001d4e0 Exception <a 'java/lang/IncompatibleClassChangeError'{0x0000000716457538}: Found class java.lang.Object, but interface was expected> (0x0000000716457538) 
thrown [/usr/src/debug/java21-openjdk/jdk21u-jdk-21.0.9-10/src/hotspot/share/interpreter/linkResolver.cpp, line 840]
Event: 1.544 Thread 0x00007fe54001d4e0 Exception <a 'java/lang/NoSuchMethodError'{0x00000007164b2030}: 'void java.lang.invoke.DirectMethodHandle$Holder.invokeVirtual(java.lang.Object, java.lang.Object)'> (0x00000007164b2030) 
thrown [/usr/src/debug/java21-openjdk/jdk21u-jdk-21.0.9-10/src/hotspot/share/interpreter/linkResolver.cpp, line 772]
Event: 1.553 Thread 0x00007fe54001d4e0 Exception <a 'java/lang/IncompatibleClassChangeError'{0x000000071651a5f0}: Found class java.lang.Object, but interface was expected> (0x000000071651a5f0) 
thrown [/usr/src/debug/java21-openjdk/jdk21u-jdk-21.0.9-10/src/hotspot/share/interpreter/linkResolver.cpp, line 840]

ZGC Phase Switch (0 events):
No events

VM Operations (20 events):
Event: 1.837 Executing VM operation: get/set locals
Event: 1.837 Executing VM operation: get/set locals done
Event: 1.837 Executing VM operation: get/set locals
Event: 1.837 Executing VM operation: get/set locals done
Event: 1.837 Executing VM operation: get/set locals
Event: 1.837 Executing VM operation: get/set locals done
Event: 1.837 Executing VM operation: get/set locals
Event: 1.837 Executing VM operation: get/set locals done
Event: 2.053 Executing VM operation: get/set locals
Event: 2.053 Executing VM operation: get/set locals done
Event: 4.898 Executing VM operation: get/set locals
Event: 4.898 Executing VM operation: get/set locals done
Event: 13.534 Executing VM operation: ChangeBreakpoints
Event: 13.535 Executing VM operation: ChangeBreakpoints done
Event: 18.742 Executing VM operation: get/set locals
Event: 18.742 Executing VM operation: get/set locals done
Event: 18.742 Executing VM operation: ChangeSingleStep
Event: 18.742 Executing VM operation: ChangeSingleStep done
Event: 18.743 Executing VM operation: ChangeSingleStep
Event: 18.743 Executing VM operation: ChangeSingleStep done

Memory protections (20 events):
Event: 0.022 Protecting memory [0x00007fe5151fb000,0x00007fe5151ff000] with protection modes 0
Event: 0.023 Protecting memory [0x00007fe5150fa000,0x00007fe5150fe000] with protection modes 0
Event: 0.033 Protecting memory [0x00007fe514f9c000,0x00007fe514fa0000] with protection modes 0
Event: 0.033 Protecting memory [0x00007fe514e9b000,0x00007fe514e9f000] with protection modes 0
Event: 0.033 Protecting memory [0x00007fe514d9a000,0x00007fe514d9e000] with protection modes 0
Event: 0.192 Protecting memory [0x00007fe514c99000,0x00007fe514c9d000] with protection modes 0
Event: 0.195 Protecting memory [0x00007fe514b98000,0x00007fe514b9c000] with protection modes 0
Event: 0.222 Protecting memory [0x00007fe514a97000,0x00007fe514a9b000] with protection modes 0
Event: 0.228 Protecting memory [0x00007fe514996000,0x00007fe51499a000] with protection modes 0
Event: 0.228 Protecting memory [0x00007fe514895000,0x00007fe514899000] with protection modes 0
Event: 0.329 Protecting memory [0x00007fe514794000,0x00007fe514798000] with protection modes 0
Event: 0.576 Protecting memory [0x00007fe51418e000,0x00007fe514192000] with protection modes 0
Event: 0.635 Protecting memory [0x00007fe544028000,0x00007fe54402c000] with protection modes 0
Event: 0.738 Protecting memory [0x00007fe51408d000,0x00007fe514091000] with protection modes 0
Event: 0.884 Protecting memory [0x00007fe514a97000,0x00007fe514a9b000] with protection modes 0
Event: 0.884 Protecting memory [0x00007fe4c2f00000,0x00007fe4c2f04000] with protection modes 0
Event: 1.392 Protecting memory [0x00007fe4c29fb000,0x00007fe4c29ff000] with protection modes 0
Event: 1.393 Protecting memory [0x00007fe4c28fa000,0x00007fe4c28fe000] with protection modes 0
Event: 1.394 Protecting memory [0x00007fe4c26e7000,0x00007fe4c26eb000] with protection modes 0
Event: 1.416 Protecting memory [0x00007fe4c27f9000,0x00007fe4c27fd000] with protection modes 0

Nmethod flushes (0 events):
No events

Events (20 events):
Event: 0.228 Thread 0x00007fe5401805e0 Thread added: 0x00007fe49c078360
Event: 0.329 Thread 0x00007fe54001d4e0 Thread added: 0x00007fe540659920
Event: 0.576 Thread 0x00007fe49c077030 Thread added: 0x00007fe48803be70
Event: 0.635 Thread 0x00007fe54001d4e0 Thread added: 0x00007fe5408950a0
Event: 0.738 Thread 0x00007fe54017a780 Thread added: 0x00007fe4ac000fb0
Event: 0.841 Thread 0x00007fe4a80d0710 Thread exited: 0x00007fe4a80d0710
Event: 0.884 Thread 0x00007fe49c078360 Thread added: 0x00007fe47c186c80
Event: 0.884 Thread 0x00007fe49c078360 Thread added: 0x00007fe47c187940
Event: 1.392 Thread 0x00007fe48803be70 Thread added: 0x00007fe468151a80
Event: 1.393 Thread 0x00007fe49c078360 Thread added: 0x00007fe47c24d8e0
Event: 1.394 Thread 0x00007fe49c077030 Thread added: 0x00007fe48822ba20
Event: 1.416 Thread 0x00007fe49c078360 Thread added: 0x00007fe47c2a07c0
Event: 6.573 Thread 0x00007fe48803be70 Thread exited: 0x00007fe48803be70
Event: 6.621 Thread 0x00007fe47c2a07c0 Thread exited: 0x00007fe47c2a07c0
Event: 11.573 Thread 0x00007fe48822ba20 Thread exited: 0x00007fe48822ba20
Event: 11.573 Thread 0x00007fe49c078360 Thread exited: 0x00007fe49c078360
Event: 11.644 Thread 0x00007fe47c24d8e0 Thread exited: 0x00007fe47c24d8e0
Event: 16.573 Thread 0x00007fe49c077030 Thread exited: 0x00007fe49c077030
Event: 16.579 Thread 0x00007fe468151a80 Thread exited: 0x00007fe468151a80
Event: 16.778 Thread 0x00007fe47c187940 Thread exited: 0x00007fe47c187940


Dynamic libraries:
707a00000-717400000 rw-p 00000000 00:00 0 
717400000-7ffe00000 ---p 00000000 00:00 0 
7ffe00000-7fff0d000 rw-p 00cdf000 08:02 1320288                          /usr/lib/jvm/java-21-openjdk/lib/server/classes.jsa
7fff0d000-800000000 rw-p 00000000 00:00 0 
5643b4cd6000-5643b4cd7000 r--p 00000000 08:02 1319692                    /usr/lib/jvm/java-21-openjdk/bin/java
5643b4cd7000-5643b4cd8000 r-xp 00001000 08:02 1319692                    /usr/lib/jvm/java-21-openjdk/bin/java
5643b4cd8000-5643b4cd9000 r--p 00002000 08:02 1319692                    /usr/lib/jvm/java-21-openjdk/bin/java
5643b4cd9000-5643b4cda000 r--p 00002000 08:02 1319692                    /usr/lib/jvm/java-21-openjdk/bin/java
5643b4cda000-5643b4cdb000 rw-p 00003000 08:02 1319692                    /usr/lib/jvm/java-21-openjdk/bin/java
5643e48df000-5643e4929000 rw-p 00000000 00:00 0                          [heap]
7fe434000000-7fe43488e000 rw-p 00000000 00:00 0 
7fe43488e000-7fe438000000 ---p 00000000 00:00 0 
7fe43c000000-7fe43c6e3000 rw-p 00000000 00:00 0 
7fe43c6e3000-7fe440000000 ---p 00000000 00:00 0 
7fe440000000-7fe440377000 rw-p 00000000 00:00 0 
7fe440377000-7fe444000000 ---p 00000000 00:00 0 
7fe444000000-7fe444021000 rw-p 00000000 00:00 0 
7fe444021000-7fe448000000 ---p 00000000 00:00 0 
7fe448000000-7fe448324000 rw-p 00000000 00:00 0 
7fe448324000-7fe44c000000 ---p 00000000 00:00 0 
7fe44c000000-7fe44c021000 rw-p 00000000 00:00 0 
7fe44c021000-7fe450000000 ---p 00000000 00:00 0 
7fe450000000-7fe450021000 rw-p 00000000 00:00 0 
7fe450021000-7fe454000000 ---p 00000000 00:00 0 
7fe454000000-7fe455abf000 rw-p 00000000 00:00 0 
7fe455abf000-7fe458000000 ---p 00000000 00:00 0 
7fe458000000-7fe458021000 rw-p 00000000 00:00 0 
7fe458021000-7fe45c000000 ---p 00000000 00:00 0 
7fe45c000000-7fe45c021000 rw-p 00000000 00:00 0 
7fe45c021000-7fe460000000 ---p 00000000 00:00 0 
7fe460000000-7fe460034000 rw-p 00000000 00:00 0 
7fe460034000-7fe464000000 ---p 00000000 00:00 0 
7fe464000000-7fe464021000 rw-p 00000000 00:00 0 
7fe464021000-7fe468000000 ---p 00000000 00:00 0 
7fe468000000-7fe4682fe000 rw-p 00000000 00:00 0 
7fe4682fe000-7fe46c000000 ---p 00000000 00:00 0 
7fe46c000000-7fe46c021000 rw-p 00000000 00:00 0 
7fe46c021000-7fe470000000 ---p 00000000 00:00 0 
7fe470000000-7fe470021000 rw-p 00000000 00:00 0 
7fe470021000-7fe474000000 ---p 00000000 00:00 0 
7fe474000000-7fe474021000 rw-p 00000000 00:00 0 
7fe474021000-7fe478000000 ---p 00000000 00:00 0 
7fe478000000-7fe478021000 rw-p 00000000 00:00 0 
7fe478021000-7fe47c000000 ---p 00000000 00:00 0 
7fe47c000000-7fe47c34b000 rw-p 00000000 00:00 0 
7fe47c34b000-7fe480000000 ---p 00000000 00:00 0 
7fe480000000-7fe480021000 rw-p 00000000 00:00 0 
7fe480021000-7fe484000000 ---p 00000000 00:00 0 
7fe484000000-7fe484789000 rw-p 00000000 00:00 0 
7fe484789000-7fe488000000 ---p 00000000 00:00 0 
7fe488000000-7fe4883c3000 rw-p 00000000 00:00 0 
7fe4883c3000-7fe48c000000 ---p 00000000 00:00 0 
7fe48c000000-7fe48c021000 rw-p 00000000 00:00 0 
7fe48c021000-7fe490000000 ---p 00000000 00:00 0 
7fe490000000-7fe490021000 rw-p 00000000 00:00 0 
7fe490021000-7fe494000000 ---p 00000000 00:00 0 
7fe494000000-7fe494021000 rw-p 00000000 00:00 0 
7fe494021000-7fe498000000 ---p 00000000 00:00 0 
7fe498000000-7fe498021000 rw-p 00000000 00:00 0 
7fe498021000-7fe49c000000 ---p 00000000 00:00 0 
7fe49c000000-7fe49c3cd000 rw-p 00000000 00:00 0 
7fe49c3cd000-7fe4a0000000 ---p 00000000 00:00 0 
7fe4a0000000-7fe4a00a2000 rw-p 00000000 00:00 0 
7fe4a00a2000-7fe4a4000000 ---p 00000000 00:00 0 
7fe4a4000000-7fe4a4021000 rw-p 00000000 00:00 0 
7fe4a4021000-7fe4a8000000 ---p 00000000 00:00 0 
7fe4a8000000-7fe4a907c000 rw-p 00000000 00:00 0 
7fe4a907c000-7fe4ac000000 ---p 00000000 00:00 0 
7fe4ac000000-7fe4ac021000 rw-p 00000000 00:00 0 
7fe4ac021000-7fe4b0000000 ---p 00000000 00:00 0 
7fe4b0000000-7fe4b0021000 rw-p 00000000 00:00 0 
7fe4b0021000-7fe4b4000000 ---p 00000000 00:00 0 
7fe4b4000000-7fe4b4021000 rw-p 00000000 00:00 0 
7fe4b4021000-7fe4b8000000 ---p 00000000 00:00 0 
7fe4b8000000-7fe4b8021000 rw-p 00000000 00:00 0 
7fe4b8021000-7fe4bc000000 ---p 00000000 00:00 0 
7fe4bc000000-7fe4bc024000 rw-p 00000000 00:00 0 
7fe4bc024000-7fe4c0000000 ---p 00000000 00:00 0 
7fe4c26e6000-7fe4c26e7000 rw-p 00000000 00:00 0 
7fe4c26e7000-7fe4c26eb000 ---p 00000000 00:00 0 
7fe4c26eb000-7fe4c27e7000 rw-p 00000000 00:00 0 
7fe4c27f8000-7fe4c27f9000 rw-p 00000000 00:00 0 
7fe4c27f9000-7fe4c27fd000 ---p 00000000 00:00 0 
7fe4c27fd000-7fe4c28fa000 rw-p 00000000 00:00 0 
7fe4c28fa000-7fe4c28fe000 ---p 00000000 00:00 0 
7fe4c28fe000-7fe4c29fb000 rw-p 00000000 00:00 0 
7fe4c29fb000-7fe4c29ff000 ---p 00000000 00:00 0 
7fe4c29ff000-7fe4c2f00000 rw-p 00000000 00:00 0 
7fe4c2f00000-7fe4c2f04000 ---p 00000000 00:00 0 
7fe4c2f04000-7fe4c3000000 rw-p 00000000 00:00 0 
7fe4c3000000-7fe4c3400000 rw-p 00000000 00:00 0 
7fe4c3400000-7fe4c3b00000 rw-p 00000000 00:00 0 
7fe4c3b00000-7fe4c3b80000 rw-p 00000000 00:00 0 
7fe4c3b80000-7fe4c3c00000 ---p 00000000 00:00 0 
7fe4c3c00000-7fe4c3d90000 rw-p 00000000 00:00 0 
7fe4c3d90000-7fe4c7000000 ---p 00000000 00:00 0 
7fe4c7000000-7fe4c7ca0000 rw-p 00001000 08:02 1320288                    /usr/lib/jvm/java-21-openjdk/lib/server/classes.jsa
7fe4c7ca0000-7fe4c8000000 ---p 00000000 00:00 0 
7fe4c8000000-7fe4c8040000 rw-p 00000000 00:00 0 
7fe4c8040000-7fe4c8080000 rw-p 00000000 00:00 0 
7fe4c8080000-7fe4c80e0000 rw-p 00000000 00:00 0 
7fe4c80e0000-7fe4c8160000 rw-p 00000000 00:00 0 
7fe4c8160000-7fe4c8180000 rw-p 00000000 00:00 0 
7fe4c8180000-7fe4c8270000 rw-p 00000000 00:00 0 
7fe4c8270000-7fe508000000 ---p 00000000 00:00 0 
7fe508000000-7fe508021000 rw-p 00000000 00:00 0 
7fe508021000-7fe50c000000 ---p 00000000 00:00 0 
7fe50c000000-7fe50c021000 rw-p 00000000 00:00 0 
7fe50c021000-7fe510000000 ---p 00000000 00:00 0 
7fe510000000-7fe510021000 rw-p 00000000 00:00 0 
7fe510021000-7fe514000000 ---p 00000000 00:00 0 
7fe51408c000-7fe51408d000 rw-p 00000000 00:00 0 
7fe51408d000-7fe514091000 ---p 00000000 00:00 0 
7fe514091000-7fe51418e000 rw-p 00000000 00:00 0 
7fe51418e000-7fe514192000 ---p 00000000 00:00 0 
7fe514192000-7fe514794000 rw-p 00000000 00:00 0 
7fe514794000-7fe514798000 ---p 00000000 00:00 0 
7fe514798000-7fe514895000 rw-p 00000000 00:00 0 
7fe514895000-7fe514899000 ---p 00000000 00:00 0 
7fe514899000-7fe514996000 rw-p 00000000 00:00 0 
7fe514996000-7fe51499a000 ---p 00000000 00:00 0 
7fe51499a000-7fe514a97000 rw-p 00000000 00:00 0 
7fe514a97000-7fe514a9b000 ---p 00000000 00:00 0 
7fe514a9b000-7fe514b98000 rw-p 00000000 00:00 0 
7fe514b98000-7fe514b9c000 ---p 00000000 00:00 0 
7fe514b9c000-7fe514c99000 rw-p 00000000 00:00 0 
7fe514c99000-7fe514c9d000 ---p 00000000 00:00 0 
7fe514c9d000-7fe514d9a000 rw-p 00000000 00:00 0 
7fe514d9a000-7fe514d9e000 ---p 00000000 00:00 0 
7fe514d9e000-7fe514e9b000 rw-p 00000000 00:00 0 
7fe514e9b000-7fe514e9f000 ---p 00000000 00:00 0 
7fe514e9f000-7fe514f9c000 rw-p 00000000 00:00 0 
7fe514f9c000-7fe514fa0000 ---p 00000000 00:00 0 
7fe514fa0000-7fe51509c000 rw-p 00000000 00:00 0 
7fe51509c000-7fe5150a0000 r--p 00000000 08:02 541072                     /usr/lib/libnss_mymachines.so.2
7fe5150a0000-7fe5150e1000 r-xp 00004000 08:02 541072                     /usr/lib/libnss_mymachines.so.2
7fe5150e1000-7fe5150f5000 r--p 00045000 08:02 541072                     /usr/lib/libnss_mymachines.so.2
7fe5150f5000-7fe5150f8000 r--p 00058000 08:02 541072                     /usr/lib/libnss_mymachines.so.2
7fe5150f8000-7fe5150f9000 rw-p 0005b000 08:02 541072                     /usr/lib/libnss_mymachines.so.2
7fe5150f9000-7fe5150fa000 rw-p 00000000 00:00 0 
7fe5150fa000-7fe5150fe000 ---p 00000000 00:00 0 
7fe5150fe000-7fe5151fb000 rw-p 00000000 00:00 0 
7fe5151fb000-7fe5151ff000 ---p 00000000 00:00 0 
7fe5151ff000-7fe5152fc000 rw-p 00000000 00:00 0 
7fe5152fc000-7fe515300000 ---p 00000000 00:00 0 
7fe515300000-7fe5153fd000 rw-p 00000000 00:00 0 
7fe5153fd000-7fe515401000 ---p 00000000 00:00 0 
7fe515401000-7fe5154fe000 rw-p 00000000 00:00 0 
7fe5154fe000-7fe515502000 ---p 00000000 00:00 0 
7fe515502000-7fe5155ff000 rw-p 00000000 00:00 0 
7fe5155ff000-7fe515603000 ---p 00000000 00:00 0 
7fe515603000-7fe515700000 rw-p 00000000 00:00 0 
7fe515700000-7fe515704000 ---p 00000000 00:00 0 
7fe515704000-7fe515800000 rw-p 00000000 00:00 0 
7fe515800000-7fe515aec000 r--p 00000000 08:02 633527                     /usr/lib/locale/locale-archive
7fe515afb000-7fe515eff000 rw-p 00000000 00:00 0 
7fe515eff000-7fe518021000 rw-p 00000000 00:00 0 
7fe518021000-7fe51c000000 ---p 00000000 00:00 0 
7fe51c000000-7fe51c021000 rw-p 00000000 00:00 0 
7fe51c021000-7fe520000000 ---p 00000000 00:00 0 
7fe520000000-7fe520021000 rw-p 00000000 00:00 0 
7fe520021000-7fe524000000 ---p 00000000 00:00 0 
7fe524012000-7fe524017000 r--p 00000000 08:02 1320261                    /usr/lib/jvm/java-21-openjdk/lib/libjsvml.so
7fe524017000-7fe524058000 r-xp 00005000 08:02 1320261                    /usr/lib/jvm/java-21-openjdk/lib/libjsvml.so
7fe524058000-7fe5240e1000 r--p 00046000 08:02 1320261                    /usr/lib/jvm/java-21-openjdk/lib/libjsvml.so
7fe5240e1000-7fe5240e2000 r--p 000ce000 08:02 1320261                    /usr/lib/jvm/java-21-openjdk/lib/libjsvml.so
7fe5240e2000-7fe5240e3000 rw-p 000cf000 08:02 1320261                    /usr/lib/jvm/java-21-openjdk/lib/libjsvml.so
7fe5240e3000-7fe5249d0000 rw-p 00000000 00:00 0 
7fe5249d0000-7fe5283f8000 ---p 00000000 00:00 0 
7fe5283f8000-7fe528400000 rw-p 00000000 00:00 0 
7fe528400000-7fe528a30000 rwxp 00000000 00:00 0 
7fe528a30000-7fe52f85f000 ---p 00000000 00:00 0 
7fe52f85f000-7fe52fb9f000 rwxp 00000000 00:00 0 
7fe52fb9f000-7fe52ffa0000 ---p 00000000 00:00 0 
7fe52ffa0000-7fe530210000 rwxp 00000000 00:00 0 
7fe530210000-7fe537400000 ---p 00000000 00:00 0 
7fe537400000-7fe53feb2000 r--s 00000000 08:02 1320280                    /usr/lib/jvm/java-21-openjdk/lib/modules
7fe53feca000-7fe53fecd000 r--p 00000000 08:02 541074                     /usr/lib/libnss_resolve.so.2
7fe53fecd000-7fe53fef0000 r-xp 00003000 08:02 541074                     /usr/lib/libnss_resolve.so.2
7fe53fef0000-7fe53fefb000 r--p 00026000 08:02 541074                     /usr/lib/libnss_resolve.so.2
7fe53fefb000-7fe53fefe000 r--p 00030000 08:02 541074                     /usr/lib/libnss_resolve.so.2
7fe53fefe000-7fe53feff000 rw-p 00033000 08:02 541074                     /usr/lib/libnss_resolve.so.2
7fe53feff000-7fe540c83000 rw-p 00000000 00:00 0 
7fe540c83000-7fe544000000 ---p 00000000 00:00 0 
7fe54401a000-7fe54401c000 r--p 00000000 08:02 1320247                    /usr/lib/jvm/java-21-openjdk/lib/libinstrument.so
7fe54401c000-7fe544022000 r-xp 00002000 08:02 1320247                    /usr/lib/jvm/java-21-openjdk/lib/libinstrument.so
7fe544022000-7fe544025000 r--p 00008000 08:02 1320247                    /usr/lib/jvm/java-21-openjdk/lib/libinstrument.so
7fe544025000-7fe544026000 r--p 0000a000 08:02 1320247                    /usr/lib/jvm/java-21-openjdk/lib/libinstrument.so
7fe544026000-7fe544027000 rw-p 0000b000 08:02 1320247                    /usr/lib/jvm/java-21-openjdk/lib/libinstrument.so
7fe544027000-7fe544028000 rw-p 00000000 00:00 0 
7fe544028000-7fe54402c000 ---p 00000000 00:00 0 
7fe54402c000-7fe54404a000 rw-p 00000000 00:00 0 
7fe54404a000-7fe54404c000 r--p 00000000 08:02 1320267                    /usr/lib/jvm/java-21-openjdk/lib/libmanagement_ext.so
7fe54404c000-7fe54404f000 r-xp 00002000 08:02 1320267                    /usr/lib/jvm/java-21-openjdk/lib/libmanagement_ext.so
7fe54404f000-7fe544050000 r--p 00005000 08:02 1320267                    /usr/lib/jvm/java-21-openjdk/lib/libmanagement_ext.so
7fe544050000-7fe544051000 r--p 00006000 08:02 1320267                    /usr/lib/jvm/java-21-openjdk/lib/libmanagement_ext.so
7fe544051000-7fe544052000 rw-p 00007000 08:02 1320267                    /usr/lib/jvm/java-21-openjdk/lib/libmanagement_ext.so
7fe544052000-7fe5446d9000 rw-p 00000000 00:00 0 
7fe5446d9000-7fe5449dc000 rw-p 00000000 00:00 0 
7fe5449dc000-7fe544b18000 rw-p 00000000 00:00 0 
7fe544b18000-7fe54525d000 ---p 00000000 00:00 0 
7fe54525d000-7fe5452db000 rw-p 00000000 00:00 0 
7fe5452db000-7fe545a20000 ---p 00000000 00:00 0 
7fe545a20000-7fe546733000 rw-p 00000000 00:00 0 
7fe546733000-7fe546817000 ---p 00000000 00:00 0 
7fe546817000-7fe546824000 rw-p 00000000 00:00 0 
7fe546824000-7fe546900000 ---p 00000000 00:00 0 
7fe546900000-7fe546904000 ---p 00000000 00:00 0 
7fe546904000-7fe546a00000 rw-p 00000000 00:00 0 
7fe546a00000-7fe546a97000 r--p 00000000 08:02 553980                     /usr/lib/libstdc++.so.6.0.34
7fe546a97000-7fe546bec000 r-xp 00097000 08:02 553980                     /usr/lib/libstdc++.so.6.0.34
7fe546bec000-7fe546c7e000 r--p 001ec000 08:02 553980                     /usr/lib/libstdc++.so.6.0.34
7fe546c7e000-7fe546c8f000 r--p 0027e000 08:02 553980                     /usr/lib/libstdc++.so.6.0.34
7fe546c8f000-7fe546c90000 rw-p 0028f000 08:02 553980                     /usr/lib/libstdc++.so.6.0.34
7fe546c90000-7fe546c94000 rw-p 00000000 00:00 0 
7fe546c97000-7fe546cf2000 rw-p 00000000 00:00 0 
7fe546cf2000-7fe546d01000 r--p 00000000 08:02 527760                     /usr/lib/libm.so.6
7fe546d01000-7fe546d8c000 r-xp 0000f000 08:02 527760                     /usr/lib/libm.so.6
7fe546d8c000-7fe546dfe000 r--p 0009a000 08:02 527760                     /usr/lib/libm.so.6
7fe546dfe000-7fe546dff000 r--p 0010b000 08:02 527760                     /usr/lib/libm.so.6
7fe546dff000-7fe546e00000 rw-p 0010c000 08:02 527760                     /usr/lib/libm.so.6
7fe546e00000-7fe546e10000 r--p 00000000 08:02 1320291                    /usr/lib/jvm/java-21-openjdk/lib/server/libjvm.so
7fe546e10000-7fe547d16000 r-xp 00010000 08:02 1320291                    /usr/lib/jvm/java-21-openjdk/lib/server/libjvm.so
7fe547d16000-7fe547ff0000 r--p 00f16000 08:02 1320291                    /usr/lib/jvm/java-21-openjdk/lib/server/libjvm.so
7fe547ff0000-7fe5480c6000 r--p 011ef000 08:02 1320291                    /usr/lib/jvm/java-21-openjdk/lib/server/libjvm.so
7fe5480c6000-7fe5480f6000 rw-p 012c5000 08:02 1320291                    /usr/lib/jvm/java-21-openjdk/lib/server/libjvm.so
7fe5480f6000-7fe54815c000 rw-p 00000000 00:00 0 
7fe548160000-7fe548162000 r--p 00000000 08:02 1320265                    /usr/lib/jvm/java-21-openjdk/lib/libmanagement.so
7fe548162000-7fe548163000 r-xp 00002000 08:02 1320265                    /usr/lib/jvm/java-21-openjdk/lib/libmanagement.so
7fe548163000-7fe548164000 r--p 00003000 08:02 1320265                    /usr/lib/jvm/java-21-openjdk/lib/libmanagement.so
7fe548164000-7fe548165000 r--p 00003000 08:02 1320265                    /usr/lib/jvm/java-21-openjdk/lib/libmanagement.so
7fe548165000-7fe548166000 rw-p 00004000 08:02 1320265                    /usr/lib/jvm/java-21-openjdk/lib/libmanagement.so
7fe548166000-7fe548167000 r--p 00000000 08:02 1320243                    /usr/lib/jvm/java-21-openjdk/lib/libextnet.so
7fe548167000-7fe548168000 r-xp 00001000 08:02 1320243                    /usr/lib/jvm/java-21-openjdk/lib/libextnet.so
7fe548168000-7fe548169000 r--p 00002000 08:02 1320243                    /usr/lib/jvm/java-21-openjdk/lib/libextnet.so
7fe548169000-7fe54816a000 r--p 00002000 08:02 1320243                    /usr/lib/jvm/java-21-openjdk/lib/libextnet.so
7fe54816a000-7fe54816b000 rw-p 00003000 08:02 1320243                    /usr/lib/jvm/java-21-openjdk/lib/libextnet.so
7fe54816b000-7fe54816e000 r--p 00000000 08:02 1320269                    /usr/lib/jvm/java-21-openjdk/lib/libnet.so
7fe54816e000-7fe548176000 r-xp 00003000 08:02 1320269                    /usr/lib/jvm/java-21-openjdk/lib/libnet.so
7fe548176000-7fe548178000 r--p 0000b000 08:02 1320269                    /usr/lib/jvm/java-21-openjdk/lib/libnet.so
7fe548178000-7fe548179000 r--p 0000c000 08:02 1320269                    /usr/lib/jvm/java-21-openjdk/lib/libnet.so
7fe548179000-7fe54817a000 rw-p 0000d000 08:02 1320269                    /usr/lib/jvm/java-21-openjdk/lib/libnet.so
7fe54817a000-7fe5481bb000 rw-p 00000000 00:00 0 
7fe5481bb000-7fe5481bd000 r--p 00000000 08:02 1320255                    /usr/lib/jvm/java-21-openjdk/lib/libjdwp.so
7fe5481bd000-7fe5481ee000 r-xp 00002000 08:02 1320255                    /usr/lib/jvm/java-21-openjdk/lib/libjdwp.so
7fe5481ee000-7fe5481fd000 r--p 00033000 08:02 1320255                    /usr/lib/jvm/java-21-openjdk/lib/libjdwp.so
7fe5481fd000-7fe5481fe000 r--p 00041000 08:02 1320255                    /usr/lib/jvm/java-21-openjdk/lib/libjdwp.so
7fe5481fe000-7fe5481ff000 rw-p 00042000 08:02 1320255                    /usr/lib/jvm/java-21-openjdk/lib/libjdwp.so
7fe5481ff000-7fe548200000 rw-p 00000000 00:00 0 
7fe548200000-7fe548224000 r--p 00000000 08:02 527735                     /usr/lib/libc.so.6
7fe548224000-7fe548395000 r-xp 00024000 08:02 527735                     /usr/lib/libc.so.6
7fe548395000-7fe548404000 r--p 00195000 08:02 527735                     /usr/lib/libc.so.6
7fe548404000-7fe548408000 r--p 00203000 08:02 527735                     /usr/lib/libc.so.6
7fe548408000-7fe54840a000 rw-p 00207000 08:02 527735                     /usr/lib/libc.so.6
7fe54840a000-7fe548412000 rw-p 00000000 00:00 0 
7fe548416000-7fe548418000 r--p 00000000 08:02 1320279                    /usr/lib/jvm/java-21-openjdk/lib/libzip.so
7fe548418000-7fe54841c000 r-xp 00002000 08:02 1320279                    /usr/lib/jvm/java-21-openjdk/lib/libzip.so
7fe54841c000-7fe54841e000 r--p 00006000 08:02 1320279                    /usr/lib/jvm/java-21-openjdk/lib/libzip.so
7fe54841e000-7fe54841f000 r--p 00007000 08:02 1320279                    /usr/lib/jvm/java-21-openjdk/lib/libzip.so
7fe54841f000-7fe548420000 rw-p 00008000 08:02 1320279                    /usr/lib/jvm/java-21-openjdk/lib/libzip.so
7fe548420000-7fe548427000 r--p 00000000 08:02 1320270                    /usr/lib/jvm/java-21-openjdk/lib/libnio.so
7fe548427000-7fe548430000 r-xp 00007000 08:02 1320270                    /usr/lib/jvm/java-21-openjdk/lib/libnio.so
7fe548430000-7fe548434000 r--p 00010000 08:02 1320270                    /usr/lib/jvm/java-21-openjdk/lib/libnio.so
7fe548434000-7fe548435000 r--p 00014000 08:02 1320270                    /usr/lib/jvm/java-21-openjdk/lib/libnio.so
7fe548435000-7fe548436000 rw-p 00015000 08:02 1320270                    /usr/lib/jvm/java-21-openjdk/lib/libnio.so
7fe548436000-7fe548438000 r--p 00000000 08:02 1320242                    /usr/lib/jvm/java-21-openjdk/lib/libdt_socket.so
7fe548438000-7fe54843b000 r-xp 00002000 08:02 1320242                    /usr/lib/jvm/java-21-openjdk/lib/libdt_socket.so
7fe54843b000-7fe54843c000 r--p 00005000 08:02 1320242                    /usr/lib/jvm/java-21-openjdk/lib/libdt_socket.so
7fe54843c000-7fe54843d000 r--p 00006000 08:02 1320242                    /usr/lib/jvm/java-21-openjdk/lib/libdt_socket.so
7fe54843d000-7fe54843e000 rw-p 00007000 08:02 1320242                    /usr/lib/jvm/java-21-openjdk/lib/libdt_socket.so
7fe54843e000-7fe548445000 rw-p 00000000 00:00 0 
7fe548445000-7fe54844d000 ---p 00000000 00:00 0 
7fe54844d000-7fe548451000 r--p 00000000 08:02 528495                     /usr/lib/libgcc_s.so.1
7fe548451000-7fe548474000 r-xp 00004000 08:02 528495                     /usr/lib/libgcc_s.so.1
7fe548474000-7fe548478000 r--p 00027000 08:02 528495                     /usr/lib/libgcc_s.so.1
7fe548478000-7fe548479000 r--p 0002a000 08:02 528495                     /usr/lib/libgcc_s.so.1
7fe548479000-7fe54847a000 rw-p 0002b000 08:02 528495                     /usr/lib/libgcc_s.so.1
7fe54847a000-7fe54847d000 rw-p 00000000 00:00 0 
7fe54847d000-7fe548480000 r--p 00000000 08:02 531752                     /usr/lib/libz.so.1.3.1
7fe548480000-7fe54848e000 r-xp 00003000 08:02 531752                     /usr/lib/libz.so.1.3.1
7fe54848e000-7fe548494000 r--p 00011000 08:02 531752                     /usr/lib/libz.so.1.3.1
7fe548494000-7fe548495000 r--p 00017000 08:02 531752                     /usr/lib/libz.so.1.3.1
7fe548495000-7fe548496000 rw-p 00018000 08:02 531752                     /usr/lib/libz.so.1.3.1
7fe548498000-7fe548499000 r--s 00000000 00:31 933                        /tmp/mockitoboot14071404672302419903.jar
7fe548499000-7fe5484a0000 r--s 00000000 08:02 633528                     /usr/lib/gconv/gconv-modules.cache
7fe5484a0000-7fe5484aa000 r--p 00000000 08:02 1320252                    /usr/lib/jvm/java-21-openjdk/lib/libjava.so
7fe5484aa000-7fe5484b8000 r-xp 0000a000 08:02 1320252                    /usr/lib/jvm/java-21-openjdk/lib/libjava.so
7fe5484b8000-7fe5484bd000 r--p 00018000 08:02 1320252                    /usr/lib/jvm/java-21-openjdk/lib/libjava.so
7fe5484bd000-7fe5484be000 r--p 0001d000 08:02 1320252                    /usr/lib/jvm/java-21-openjdk/lib/libjava.so
7fe5484be000-7fe5484bf000 rw-p 0001e000 08:02 1320252                    /usr/lib/jvm/java-21-openjdk/lib/libjava.so
7fe5484bf000-7fe5484c0000 rw-p 00000000 00:00 0 
7fe5484c0000-7fe5484c8000 rw-s 00000000 00:31 930                        /tmp/hsperfdata_toast/17676
7fe5484c8000-7fe5484c9000 ---p 00000000 00:00 0 
7fe5484c9000-7fe5484ca000 r--p 00000000 00:00 0 
7fe5484ca000-7fe5484cb000 ---p 00000000 00:00 0 
7fe5484cb000-7fe5484cc000 r--p 00000000 08:02 1320256                    /usr/lib/jvm/java-21-openjdk/lib/libjimage.so
7fe5484cc000-7fe5484ce000 r-xp 00001000 08:02 1320256                    /usr/lib/jvm/java-21-openjdk/lib/libjimage.so
7fe5484ce000-7fe5484cf000 r--p 00003000 08:02 1320256                    /usr/lib/jvm/java-21-openjdk/lib/libjimage.so
7fe5484cf000-7fe5484d0000 r--p 00004000 08:02 1320256                    /usr/lib/jvm/java-21-openjdk/lib/libjimage.so
7fe5484d0000-7fe5484d1000 rw-p 00005000 08:02 1320256                    /usr/lib/jvm/java-21-openjdk/lib/libjimage.so
7fe5484d1000-7fe5484d3000 r--p 00000000 08:02 1320257                    /usr/lib/jvm/java-21-openjdk/lib/libjli.so
7fe5484d3000-7fe5484dd000 r-xp 00002000 08:02 1320257                    /usr/lib/jvm/java-21-openjdk/lib/libjli.so
7fe5484dd000-7fe5484e0000 r--p 0000c000 08:02 1320257                    /usr/lib/jvm/java-21-openjdk/lib/libjli.so
7fe5484e0000-7fe5484e1000 r--p 0000f000 08:02 1320257                    /usr/lib/jvm/java-21-openjdk/lib/libjli.so
7fe5484e1000-7fe5484e2000 rw-p 00010000 08:02 1320257                    /usr/lib/jvm/java-21-openjdk/lib/libjli.so
7fe5484e2000-7fe5484e4000 rw-p 00000000 00:00 0 
7fe5484e4000-7fe5484e8000 r--p 00000000 00:00 0                          [vvar]
7fe5484e8000-7fe5484ea000 r--p 00000000 00:00 0                          [vvar_vclock]
7fe5484ea000-7fe5484ec000 r-xp 00000000 00:00 0                          [vdso]
7fe5484ec000-7fe5484ed000 r--p 00000000 08:02 527697                     /usr/lib/ld-linux-x86-64.so.2
7fe5484ed000-7fe548517000 r-xp 00001000 08:02 527697                     /usr/lib/ld-linux-x86-64.so.2
7fe548517000-7fe548525000 r--p 0002b000 08:02 527697                     /usr/lib/ld-linux-x86-64.so.2
7fe548525000-7fe548527000 r--p 00039000 08:02 527697                     /usr/lib/ld-linux-x86-64.so.2
7fe548527000-7fe548528000 rw-p 0003b000 08:02 527697                     /usr/lib/ld-linux-x86-64.so.2
7fe548528000-7fe548529000 rw-p 00000000 00:00 0 
7ffcd0ddb000-7ffcd0dff000 rw-p 00000000 00:00 0                          [stack]
ffffffffff600000-ffffffffff601000 --xp 00000000 00:00 0                  [vsyscall]
Total number of mappings: 317

JVMTI agents:
jdwp path:none, loaded, initialized, options:transport=dt_socket,address=localhost:33421,server=n,suspend=y
/home/toast/.m2/repository/net/bytebuddy/byte-buddy-agent/1.17.8/byte-buddy-agent-1.17.8.jar path:/usr/lib/jvm/java-21-openjdk/lib/libinstrument.so, loaded, initialized, dynamic instrumentlib options:none


VM Arguments:
jvm_args: -Xrunjdwp:transport=dt_socket,address=localhost:33421,server=n,suspend=y -ea -XX:+ShowCodeDetailsInExceptionMessages -Dfile.encoding=UTF-8 
java_command: org.eclipse.jdt.internal.junit.runner.RemoteTestRunner -version 3 -port 35593 -testLoaderClass org.eclipse.jdt.internal.junit5.runner.JUnit5TestLoader -loaderpluginname org.eclipse.jdt.junit5.runtime -test com.alececco.y.service.PostServiceImplTest:updatePost_postExists_updatesTitleOnly
java_class_path (initial): /home/toast/workspace/ITS/do-not-sync/y/backend/target/test-classes:/home/toast/workspace/ITS/do-not-sync/y/backend/target/classes:/home/toast/.m2/repository/org/springframework/boot/spring-boot-starter-actuator/3.5.9/spring-boot-starter-actuator-3.5.9.jar:/home/toast/.m2/repository/org/springframework/boot/spring-boot-starter/3.5.9/spring-boot-starter-3.5.9.jar:/home/toast/.m2/repository/org/springframework/boot/spring-boot-starter-logging/3.5.9/spring-boot-starter-logging-3.5.9.jar:/home/toast/.m2/repository/ch/qos/logback/logback-classic/1.5.22/logback-classic-1.5.22.jar:/home/toast/.m2/repository/ch/qos/logback/logback-core/1.5.22/logback-core-1.5.22.jar:/home/toast/.m2/repository/org/apache/logging/log4j/log4j-to-slf4j/2.24.3/log4j-to-slf4j-2.24.3.jar:/home/toast/.m2/repository/org/apache/logging/log4j/log4j-api/2.24.3/log4j-api-2.24.3.jar:/home/toast/.m2/repository/org/slf4j/jul-to-slf4j/2.0.17/jul-to-slf4j-2.0.17.jar:/home/toast/.m2/repository/org/yaml/snakeyaml/2.4/snakeyaml-2.4.jar:/home/toast/.m2/repository/org/springframework/boot/spring-boot-actuator-autoconfigure/3.5.9/spring-boot-actuator-autoconfigure-3.5.9.jar:/home/toast/.m2/repository/org/springframework/boot/spring-boot-actuator/3.5.9/spring-boot-actuator-3.5.9.jar:/home/toast/.m2/repository/com/fasterxml/jackson/datatype/jackson-datatype-jsr310/2.19.4/jackson-datatype-jsr310-2.19.4.jar:/home/toast/.m2/repository/io/micrometer/micrometer-observation/1.15.7/micrometer-observation-1.15.7.jar:/home/toast/.m2/repository/io/micrometer/micrometer-commons/1.15.7/micrometer-commons-1.15.7.jar:/home/toast/.m2/repository/io/micrometer/micrometer-jakarta9/1.15.7/micrometer-jakarta9-1.15.7.jar:/home/toast/.m2/repository/io/micrometer/micrometer-core/1.15.7/micrometer-core-1.15.7.jar:/home/toast/.m2/repository/org/hdrhistogram/HdrHistogram/2.2.2/HdrHistogram-2.2.2.jar:/home/toast/.m2/repository/org/latencyutils/LatencyUtils/2.0.3/LatencyUtils-2.0.3.jar:/home/toast/.m2/repository/org/springframework/boot/spring-boot-starter-data-jpa/3.5.9/spring-boot-starter-data-jpa-3.5.9.jar:/home/toast/.m2/repository/org/springframework/boot/spring-boot-starter-jdbc/3.5.9/spring-boot-starter-jdbc-3.5.9.jar:/home/toast/.m2/repository/com/zaxxer/HikariCP/6.3.3/HikariCP-6.3.3.jar:/home/toast/.m2/repository/org/springframework/spring-jdbc/6.2.15/spring-jdbc-6.2.15.jar:/home/toast/.m2/repository/org/hibernate/orm/hibernate-core/6.6.39.Final/hibernate-core-6.6.39.Final.jar:/home/toast/.m2/repository/jakarta/persistence/jakarta.persistence-api/3.1.0/jakarta.persistence-api-3.1.0.jar:/home/toast/.m2/repository/jakarta/transaction/jakarta.transaction-api/2.0.1/jakarta.transaction-api-2.0.1.jar:/home/toast/.m2/repository/org/jboss/logging/jboss-logging/3.6.1.Final/jboss-logging-3.6.1.Final.jar:/home/toast/.m2/repository/org/hibernate/common/hibernate-commons-annotations/7.0.3.Final/hibernate-commons-annotations-7.0.3.Final.jar:/home/toast/.m2/repository/io/smallrye/jandex/3.2.0/jandex-3.2.0.jar:/home/toast/.m2/repository/com/fasterxml/classmate/1.7.1/classmate-1.7.1.jar:/home/toast/.m2/repository/net/bytebuddy/byte-buddy/1.17.8/byte-buddy-1.17.8.jar:/home/toast/.m2/repository/org/glassfish/jaxb/jaxb-runtime/4.0.6/jaxb-runtime-4.0.6.jar:/home/toast/.m2/repository/org/glassfish/jaxb/jaxb-core/4.0.6/jaxb-core-4.0.6.jar:/home/toast/.m2/repository/org/eclipse/angus/angus-activation/2.0.3/angus-activation-2.0.3.jar:/home/toast/.m2/repository/org/glassfish/jaxb/txw2/4.0.6/txw2-4.0.6.jar:/home/toast/.m2/repository/com/sun/istack/istack-commons-runtime/4.1.2/istack-commons-runtime-4.1.2.jar:/home/toast/.m2/repository/jakarta/inject/jakarta.inject-api/2.0.1/jakarta.inject-api-2.0.1.jar:/home/toast/.m2/repository/org/antlr/antlr4-runtime/4.13.0/antlr4-runtime-4.13.0.jar:/home/toast/.m2/repository/org/springframework/data/spring-data-jpa/3.5.7/spring-data-jpa-3.5.7.jar:/home/toast/.m2/repository/org/springframework/data/spring-data-commons/3.5.7/spring-data-commons-3.5.7.jar:/home/toast/.m2/repository/org/springframework/spring-orm/6.2.15/spring-orm-6.2.15.jar:/home/toast/.m2/repository/org/springframework/spring-context/6.2.15/spring-context-6.2.15.jar:/home/toast/.m2/repository/org/springframework/spring-tx/6.2.15/spring-tx-6.2.15.jar:/home/toast/.m2/repository/org/springframework/spring-beans/6.2.15/spring-beans-6.2.15.jar:/home/toast/.m2/repository/org/slf4j/slf4j-api/2.0.17/slf4j-api-2.0.17.jar:/home/toast/.m2/repository/org/springframework/spring-aspects/6.2.15/spring-aspects-6.2.15.jar:/home/toast/.m2/repository/org/aspectj/aspectjweaver/1.9.25.1/aspectjweaver-1.9.25.1.jar:/home/toast/.m2/repository/org/springframework/boot/spring-boot-starter-security/3.5.9/spring-boot-starter-security-3.5.9.jar:/home/toast/.m2/repository/org/springframework/spring-aop/6.2.15/spring-aop-6.2.15.jar:/home/toast/.m2/repository/org/springframework/security/spring-security-config/6.5.7/spring-security-config-6.5.7.jar:/home/toast/.m2/repository/org/springframework/security/spring-security-web/6.5.7/spring-security-web-6.5.7.jar:/home/toast/.m2/repository/org/springframework/spring-expression/6.2.15/spring-expression-6.2.15.jar:/home/toast/.m2/repository/org/springframework/boot/spring-boot-starter-web/3.5.9/spring-boot-starter-web-3.5.9.jar:/home/toast/.m2/repository/org/springframework/boot/spring-boot-starter-json/3.5.9/spring-boot-starter-json-3.5.9.jar:/home/toast/.m2/repository/com/fasterxml/jackson/datatype/jackson-datatype-jdk8/2.19.4/jackson-datatype-jdk8-2.19.4.jar:/home/toast/.m2/repository/com/fasterxml/jackson/module/jackson-module-parameter-names/2.19.4/jackson-module-parameter-names-2.19.4.jar:/home/toast/.m2/repository/org/springframework/spring-web/6.2.15/spring-web-6.2.15.jar:/home/toast/.m2/repository/org/springframework/spring-webmvc/6.2.15/spring-webmvc-6.2.15.jar:/home/toast/.m2/repository/org/springframework/boot/spring-boot-devtools/3.5.9/spring-boot-devtools-3.5.9.jar:/home/toast/.m2/repository/org/springframework/boot/spring-boot/3.5.9/spring-boot-3.5.9.jar:/home/toast/.m2/repository/org/springframework/boot/spring-boot-autoconfigure/3.5.9/spring-boot-autoconfigure-3.5.9.jar:/home/toast/.m2/repository/com/mysql/mysql-connector-j/9.5.0/mysql-connector-j-9.5.0.jar:/home/toast/.m2/repository/org/projectlombok/lombok/1.18.42/lombok-1.18.42.jar:/home/toast/.m2/repository/org/springframework/boot/spring-boot-starter-tomcat/3.5.9/spring-boot-starter-tomcat-3.5.9.jar:/home/toast/.m2/repository/jakarta/annotation/jakarta.annotation-api/2.1.1/jakarta.annotation-api-2.1.1.jar:/home/toast/.m2/repository/org/apache/tomcat/embed/tomcat-embed-core/10.1.50/tomcat-embed-core-10.1.50.jar:/home/toast/.m2/repository/org/apache/tomcat/embed/tomcat-embed-el/10.1.50/tomcat-embed-el-10.1.50.jar:/home/toast/.m2/repository/org/apache/tomcat/embed/tomcat-embed-websocket/10.1.50/tomcat-embed-websocket-10.1.50.jar:/home/toast/.m2/repository/org/springframework/boot/spring-boot-starter-test/3.5.9/spring-boot-starter-test-3.5.9.jar:/home/toast/.m2/repository/org/springframework/boot/spring-boot-test/3.5.9/spring-boot-test-3.5.9.jar:/home/toast/.m2/repository/org/springframework/boot/spring-boot-test-autoconfigure/3.5.9/spring-boot-test-autoconfigure-3.5.9.jar:/home/toast/.m2/repository/com/jayway/jsonpath/json-path/2.9.0/json-path-2.9.0.jar:/home/toast/.m2/repository/jakarta/xml/bind/jakarta.xml.bind-api/4.0.4/jakarta.xml.bind-api-4.0.4.jar:/home/toast/.m2/repository/jakarta/activation/jakarta.activation-api/2.1.4/jakarta.activation-api-2.1.4.jar:/home/toast/.m2/repository/net/minidev/json-smart/2.5.2/json-smart-2.5.2.jar:/home/toast/.m2/repository/net/minidev/accessors-smart/2.5.2/accessors-smart-2.5.2.jar:/home/toast/.m2/repository/org/ow2/asm/asm/9.7.1/asm-9.7.1.jar:/home/toast/.m2/repository/org/assertj/assertj-core/3.27.6/assertj-core-3.27.6.jar:/home/toast/.m2/repository/org/awaitility/awaitility/4.2.2/awaitility-4.2.2.jar:/home/toast/.m2/repository/org/hamcrest/hamcrest/3.0/hamcrest-3.0.jar:/home/toast/.m2/repository/org/junit/jupiter/junit-jupiter/5.12.2/junit-jupiter-5.12.2.jar:/home/toast/.m2/repository/org/junit/jupiter/junit-jupiter-params/5.12.2/junit-jupiter-params-5.12.2.jar:/home/toast/.m2/repository/org/mockito/mockito-core/5.17.0/mockito-core-5.17.0.jar:/home/toast/.m2/repository/net/bytebuddy/byte-buddy-agent/1.17.8/byte-buddy-agent-1.17.8.jar:/home/toast/.m2/repository/org/objenesis/objenesis/3.3/objenesis-3.3.jar:/home/toast/.m2/repository/org/mockito/mockito-junit-jupiter/5.17.0/mockito-junit-jupiter-5.17.0.jar:/home/toast/.m2/repository/org/skyscreamer/jsonassert/1.5.3/jsonassert-1.5.3.jar:/home/toast/.m2/repository/com/vaadin/external/google/android-json/0.0.20131108.vaadin1/android-json-0.0.20131108.vaadin1.jar:/home/toast/.m2/repository/org/springframework/spring-core/6.2.15/spring-core-6.2.15.jar:/home/toast/.m2/repository/org/springframework/spring-jcl/6.2.15/spring-jcl-6.2.15.jar:/home/toast/.m2/repository/org/xmlunit/xmlunit-core/2.10.4/xmlunit-core-2.10.4.jar:/home/toast/.m2/repository/org/springframework/security/spring-security-test/6.5.7/spring-security-test-6.5.7.jar:/home/toast/.m2/repository/org/springframework/security/spring-security-core/6.5.7/spring-security-core-6.5.7.jar:/home/toast/.m2/repository/org/springframework/security/spring-security-crypto/6.5.7/spring-security-crypto-6.5.7.jar:/home/toast/.m2/repository/io/jsonwebtoken/jjwt-api/0.13.0/jjwt-api-0.13.0.jar:/home/toast/.m2/repository/io/jsonwebtoken/jjwt-impl/0.13.0/jjwt-impl-0.13.0.jar:/home/toast/.m2/repository/io/jsonwebtoken/jjwt-jackson/0.13.0/jjwt-jackson-0.13.0.jar:/home/toast/.m2/repository/com/fasterxml/jackson/core/jackson-databind/2.19.4/jackson-databind-2.19.4.jar:/home/toast/.m2/repository/com/fasterxml/jackson/core/jackson-annotations/2.19.4/jackson-annotations-2.19.4.jar:/home/toast/.m2/repository/com/fasterxml/jackson/core/jackson-core/2.19.4/jackson-core-2.19.4.jar:/home/toast/.m2/repository/org/postgresql/postgresql/42.7.8/postgresql-42.7.8.jar:/home/toast/.m2/repository/org/checkerframework/checker-qual/3.49.5/checker-qual-3.49.5.jar:/home/toast/.m2/repository/com/h2database/h2/2.3.232/h2-2.3.232.jar:/home/toast/.m2/repository/org/modelmapper/modelmapper/3.2.6/modelmapper-3.2.6.jar:/home/toast/.m2/repository/org/instancio/instancio-junit/5.4.1/instancio-junit-5.4.1.jar:/home/toast/.m2/repository/org/instancio/instancio-core/5.4.1/instancio-core-5.4.1.jar:/home/toast/.m2/repository/jakarta/validation/jakarta.validation-api/3.1.1/jakarta.validation-api-3.1.1.jar:/home/toast/.m2/repository/org/junit/jupiter/junit-jupiter-engine/5.12.2/junit-jupiter-engine-5.12.2.jar:/home/toast/.m2/repository/org/junit/platform/junit-platform-engine/1.12.2/junit-platform-engine-1.12.2.jar:/home/toast/.m2/repository/org/apiguardian/apiguardian-api/1.1.2/apiguardian-api-1.1.2.jar:/home/toast/.m2/repository/org/junit/jupiter/junit-jupiter-api/5.12.2/junit-jupiter-api-5.12.2.jar:/home/toast/.m2/repository/org/opentest4j/opentest4j/1.3.0/opentest4j-1.3.0.jar:/home/toast/.m2/repository/org/junit/platform/junit-platform-commons/1.12.2/junit-platform-commons-1.12.2.jar:/home/toast/.m2/repository/org/springframework/spring-test/6.2.15/spring-test-6.2.15.jar:/home/toast/.m2/repository/org/junit/platform/junit-platform-launcher/1.12.2/junit-platform-launcher-1.12.2.jar:/home/toast/.config/Code - OSS/User/globalStorage/redhat.java/1.50.0/config_linux/org.eclipse.osgi/118/0/.cp:/home/toast/.config/Code - OSS/User/globalStorage/redhat.java/1.50.0/config_linux/org.eclipse.osgi/56/0/.cp
Launcher Type: SUN_STANDARD

[Global flags]
     intx CICompilerCount                          = 12                                        {product} {ergonomic}
     uint ConcGCThreads                            = 3                                         {product} {ergonomic}
     uint G1ConcRefinementThreads                  = 13                                        {product} {ergonomic}
   size_t G1HeapRegionSize                         = 2097152                                   {product} {ergonomic}
    uintx GCDrainStackTargetSize                   = 64                                        {product} {ergonomic}
   size_t InitialHeapSize                          = 262144000                                 {product} {ergonomic}
   size_t MarkStackSize                            = 4194304                                   {product} {ergonomic}
   size_t MaxHeapSize                              = 4167041024                                {product} {ergonomic}
   size_t MaxNewSize                               = 2499805184                                {product} {ergonomic}
   size_t MinHeapDeltaBytes                        = 2097152                                   {product} {ergonomic}
   size_t MinHeapSize                              = 8388608                                   {product} {ergonomic}
    uintx NonNMethodCodeHeapSize                   = 7602480                                {pd product} {ergonomic}
    uintx NonProfiledCodeHeapSize                  = 122027880                              {pd product} {ergonomic}
    uintx ProfiledCodeHeapSize                     = 122027880                              {pd product} {ergonomic}
    uintx ReservedCodeCacheSize                    = 251658240                              {pd product} {ergonomic}
     bool SegmentedCodeCache                       = true                                      {product} {ergonomic}
     bool ShowCodeDetailsInExceptionMessages       = true                                   {manageable} {command line}
   size_t SoftMaxHeapSize                          = 4167041024                             {manageable} {ergonomic}
     bool UseCompressedOops                        = true                           {product lp64_product} {ergonomic}
     bool UseG1GC                                  = true                                      {product} {ergonomic}

Logging:
Log output configuration:
 #0: stdout all=warning uptime,level,tags foldmultilines=false
 #1: stderr all=off uptime,level,tags foldmultilines=false

Release file:
IMPLEMENTOR="Arch Linux"
JAVA_RUNTIME_VERSION="21.0.9+10"
JAVA_VERSION="21.0.9"
JAVA_VERSION_DATE="2025-10-21"
LIBC="gnu"
MODULES="java.base java.compiler java.datatransfer java.xml java.prefs java.desktop java.instrument java.logging java.management java.security.sasl java.naming java.rmi java.management.rmi java.net.http java.scripting java.security.jgss java.transaction.xa java.sql java.sql.rowset java.xml.crypto java.se java.smartcardio jdk.accessibility jdk.internal.jvmstat jdk.attach jdk.charsets jdk.internal.opt jdk.zipfs jdk.compiler jdk.crypto.ec jdk.crypto.cryptoki jdk.dynalink jdk.internal.ed jdk.editpad jdk.hotspot.agent jdk.httpserver jdk.incubator.vector jdk.internal.le jdk.internal.vm.ci jdk.internal.vm.compiler jdk.internal.vm.compiler.management jdk.jartool jdk.javadoc jdk.jcmd jdk.management jdk.management.agent jdk.jconsole jdk.jdeps jdk.jdwp.agent jdk.jdi jdk.jfr jdk.jlink jdk.jpackage jdk.jshell jdk.jsobject jdk.jstatd jdk.localedata jdk.management.jfr jdk.naming.dns jdk.naming.rmi jdk.net jdk.nio.mapmode jdk.random jdk.sctp jdk.security.auth jdk.security.jgss jdk.unsupported jdk.unsupported.desktop jdk.xml.dom"
OS_ARCH="x86_64"
OS_NAME="Linux"
SOURCE=""

Environment Variables:
PATH=/usr/local/bin:/usr/bin:/bin:/usr/local/sbin:/var/lib/flatpak/exports/bin:/usr/lib/jvm/default/bin:/usr/bin/site_perl:/usr/bin/vendor_perl:/usr/bin/core_perl:/usr/lib/rustup/bin:/home/toast/.local/share/JetBrains/Toolbox/scripts
SHELL=/usr/bin/bash
DISPLAY=:0
LANG=en_US.UTF-8

Active Locale:
LC_ALL=en_US.UTF-8
LC_COLLATE=en_US.UTF-8
LC_CTYPE=en_US.UTF-8
LC_MESSAGES=en_US.UTF-8
LC_MONETARY=en_US.UTF-8
LC_NUMERIC=en_US.UTF-8
LC_TIME=en_US.UTF-8

Signal Handlers:
   SIGSEGV: 0x00007fe547c0d480 in libjvm.so+14734464, mask=11100100010111111101111111111110, flags=SA_RESTART|SA_SIGINFO, unblocked
    SIGBUS: 0x00007fe547c0d480 in libjvm.so+14734464, mask=11100100010111111101111111111110, flags=SA_RESTART|SA_SIGINFO, unblocked
    SIGFPE: 0x00007fe547c0d480 in libjvm.so+14734464, mask=11100100010111111101111111111110, flags=SA_RESTART|SA_SIGINFO, unblocked
   SIGPIPE: 0x00007fe547a65a80 in libjvm.so+12999296, mask=11100100010111111101111111111110, flags=SA_RESTART|SA_SIGINFO, blocked
   SIGXFSZ: 0x00007fe547a65a80 in libjvm.so+12999296, mask=11100100010111111101111111111110, flags=SA_RESTART|SA_SIGINFO, blocked
    SIGILL: 0x00007fe547c0d480 in libjvm.so+14734464, mask=11100100010111111101111111111110, flags=SA_RESTART|SA_SIGINFO, unblocked
   SIGUSR2: 0x00007fe547a673a0 in libjvm.so+13005728, mask=00000000000000000000000000000000, flags=SA_RESTART|SA_SIGINFO, blocked
    SIGHUP: 0x00007fe547a64de0 in libjvm.so+12996064, mask=11100100010111111101111111111110, flags=SA_RESTART|SA_SIGINFO, blocked
    SIGINT: 0x00007fe547a64de0 in libjvm.so+12996064, mask=11100100010111111101111111111110, flags=SA_RESTART|SA_SIGINFO, blocked
   SIGTERM: 0x00007fe547a64de0 in libjvm.so+12996064, mask=11100100010111111101111111111110, flags=SA_RESTART|SA_SIGINFO, blocked
   SIGQUIT: 0x00007fe547a64de0 in libjvm.so+12996064, mask=11100100010111111101111111111110, flags=SA_RESTART|SA_SIGINFO, blocked
   SIGTRAP: 0x00007fe547c0d480 in libjvm.so+14734464, mask=11100100010111111101111111111110, flags=SA_RESTART|SA_SIGINFO, unblocked


Periodic native trim disabled

---------------  S Y S T E M  ---------------

OS:
DISTRIB_ID="Arch"
DISTRIB_RELEASE="rolling"
DISTRIB_DESCRIPTION="Arch Linux"
uname: Linux 6.18.3-arch1-1 #1 SMP PREEMPT_DYNAMIC Fri, 02 Jan 2026 17:52:55 +0000 x86_64
OS uptime: 0 days 3:28 hours
libc: glibc 2.42 NPTL 2.42 
rlimit (soft/hard): STACK 8192k/infinity , CORE infinity/infinity , NPROC 63021/63021 , NOFILE 524288/524288 , AS infinity/infinity , CPU infinity/infinity , DATA infinity/infinity , FSIZE infinity/infinity , MEMLOCK 8192k/8192k
load average: 1.16 1.23 1.02

/proc/meminfo:
MemTotal:       16271976 kB
MemFree:         4725548 kB
MemAvailable:    8337268 kB
Buffers:          265796 kB
Cached:          2966832 kB
SwapCached:            0 kB
Active:          7850760 kB
Inactive:        2714376 kB
Active(anon):    6766888 kB
Inactive(anon):        0 kB
Active(file):    1083872 kB
Inactive(file):  2714376 kB
Unevictable:         336 kB
Mlocked:             336 kB
SwapTotal:       4194300 kB
SwapFree:        4194300 kB
Zswap:                 0 kB
Zswapped:              0 kB
Dirty:               664 kB
Writeback:             0 kB
AnonPages:       7279560 kB
Mapped:          1128788 kB
Shmem:            150760 kB
KReclaimable:     131432 kB
Slab:             269664 kB
SReclaimable:     131432 kB
SUnreclaim:       138232 kB
KernelStack:       23776 kB
PageTables:        59404 kB
SecPageTables:      4140 kB
NFS_Unstable:          0 kB
Bounce:                0 kB
WritebackTmp:          0 kB
CommitLimit:    12330288 kB
Committed_AS:   18818796 kB
VmallocTotal:   34359738367 kB
VmallocUsed:      130412 kB
VmallocChunk:          0 kB
Percpu:            13696 kB
HardwareCorrupted:     0 kB
AnonHugePages:   1413120 kB
ShmemHugePages:        0 kB
ShmemPmdMapped:        0 kB
FileHugePages:    325632 kB
FilePmdMapped:    251904 kB
CmaTotal:              0 kB
CmaFree:               0 kB
Unaccepted:            0 kB
Balloon:               0 kB
HugePages_Total:       0
HugePages_Free:        0
HugePages_Rsvd:        0
HugePages_Surp:        0
Hugepagesize:       2048 kB
Hugetlb:               0 kB
DirectMap4k:      629956 kB
DirectMap2M:     8712192 kB
DirectMap1G:     7340032 kB

/sys/kernel/mm/transparent_hugepage/enabled: [always] madvise never
/sys/kernel/mm/transparent_hugepage/hpage_pmd_size: 2097152
/sys/kernel/mm/transparent_hugepage/defrag (defrag/compaction efforts parameter): always defer defer+madvise [madvise] never

Process Memory:
Virtual Size: 8490724K (peak: 8556260K)
Resident Set Size: 187292K (peak: 220520K) (anon: 162720K, file: 24536K, shmem: 36K)
Swapped out: 0K
C-Heap outstanding allocations: 42410K, retained: 61661K
glibc malloc tunables: (default)

/proc/sys/kernel/threads-max (system-wide limit on the number of threads): 126043
/proc/sys/vm/max_map_count (maximum number of memory map areas a process may have): 1048576
/proc/sys/vm/swappiness (control to define how aggressively the kernel swaps out anonymous memory): 60
/proc/sys/kernel/pid_max (system-wide limit on number of process identifiers): 4194304

container information not found.
Steal ticks since vm start: 0
Steal ticks percentage since vm start:  0.000

CPU: total 16 (initial active 16) (16 cores per cpu, 2 threads per core) family 23 model 8 stepping 2 microcode 0x800820d, cx8, cmov, fxsr, ht, mmx, 3dnowpref, sse, sse2, sse3, ssse3, sse4a, sse4.1, sse4.2, popcnt, lzcnt, tsc, tscinvbit, avx, avx2, aes, clmul, bmi1, bmi2, adx, sha, fma, vzeroupper, clflush, clflushopt, rdtscp, f16c
CPU Model and flags from /proc/cpuinfo:
model name	: AMD Ryzen 7 2700X Eight-Core Processor
flags		: fpu vme de pse tsc msr pae mce cx8 apic sep mtrr pge mca cmov pat pse36 clflush mmx fxsr sse sse2 ht syscall nx mmxext fxsr_opt pdpe1gb rdtscp lm constant_tsc rep_good nopl nonstop_tsc cpuid extd_apicid aperfmperf rapl pni pclmulqdq monitor ssse3 fma cx16 sse4_1 sse4_2 movbe popcnt aes xsave avx f16c rdrand lahf_lm cmp_legacy extapic cr8_legacy abm sse4a misalignsse 3dnowprefetch osvw skinit wdt tce topoext perfctr_core perfctr_nb bpext perfctr_llc mwaitx cpb hw_pstate ssbd ibpb vmmcall fsgsbase bmi1 avx2 smep bmi2 rdseed adx smap clflushopt sha_ni xsaveopt xsavec xgetbv1 clzero xsaveerptr arat npt lbrv svm_lock nrip_save tsc_scale vmcb_clean flushbyasid decodeassists pausefilter pfthreshold avic v_vmsave_vmload vgif overflow_recov succor smca sev sev_es

Online cpus: 0-15
Offline cpus: 
BIOS frequency limitation: 4000000
Frequency switch latency (ns): 0
Available cpu frequencies: 4000000 3200000 2200000 
Current governor: schedutil
Core performance/turbo boost: 0

Memory: 4k page, physical 16271976k(8337268k free), swap 4194300k(4194300k free)
Page Sizes: 4k

vm_info: OpenJDK 64-Bit Server VM (21.0.9+10) for linux-amd64 JRE (21.0.9+10), built on 2025-10-22T17:09:28Z by "builduser" with gcc 15.2.1 20250813

END.
